form	lemma	POS	morph
སྐབས་	སྐབས་	NOUN
བདུན་པ་	བདུན་པ་	NUM
།		PUNCT
སྐད་ཅིག་མ་	སྐད་ཅིག་མ་	ADJ
འི་	གི་	PART
སྦྱོར་	སྦྱོར་	VERB
ཊཱིཀ་		NON_WORD
གཉིས་པ་	གཉིས་པ་	NUM
འབྲས་བུ་	འབྲས་བུ་	NOUN
སྐད་ཅིག་མ་	སྐད་ཅིག་མ་	ADJ
འི་	གི་	PART
སྦྱོར་བ་	སྦྱོར་བ་	VERB
འཆད་པ་	འཆད་པ་	VERB
ལ་	ལ་	PART
གསུམ་	གསུམ་	NUM
།		PUNCT
འབྲེལ་	འབྲེལ་	VERB
བཀོད་པ་	བཀོད་པ་	VERB
ས་	གིས་	PART
མཚམས་	མཚམས་	NOUN
སྦྱར་	སྦྱར་	VERB
།		PUNCT
མཚོན་བྱེད་	མཚོན་བྱེད་	OTHER
ཀྱི་	གི་	PART
ཆོ་	ཆོ་	NOUN
རྒྱས་པ་	རྒྱས་པ་	VERB
ར་	ལ་	PART
བཤད་	བཤད་	VERB
།		PUNCT
སྐབས་	སྐབས་	NOUN
ཀྱི་	གི་	PART
གྲངས་	གྲངས་	NOUN
བརྗོད་པ་	བརྗོད་པ་	VERB
ས་	གིས་	PART
མཇུག་	མཇུག་	NOUN
བསྡུ་བ་	བསྡུ་བ་	VERB
འོ་	གོ་	PART
། །		PUNCT
དང་པོ་	དང་པོ་	ADJ
ནི་	ནི་	NO_POS
།		PUNCT
འགྲེལ་པ་	འགྲེལ་པ་	NOUN
།		PUNCT
མཐར་གྱིས་པ་	མཐར་གྱིས་པ་	NO_POS
འི་	གི་	PART
མངོན་པ་	མངོན་པ་	OTHER
རྟོགས་པ་	རྟོགས་པ་	VERB
རྣམ་པ་	རྣམ་པ་	NOUN
ར་	ལ་	PART
བསྒོམས་པ་	བསྒོམས་པ་	VERB
ནི་	ནི་	NO_POS
ཤིན་ཏུ་	ཤིན་ཏུ་	NO_POS
གོམས་པ་	གོམས་པ་	VERB
ར་	ལ་	PART
བྱ་བ་	བྱ་བ་	VERB
འི་	གི་	PART
ཕྱི་	ཕྱི་	OTHER
།		PUNCT
དེ་དག་	དེ་དག་	OTHER
ཉིད་	ཉིད་	DET
སྐད་ཅིག་མ་	སྐད་ཅིག་མ་	ADJ
གཅིག་	གཅིག་	NUM
གིས་	གིས་	PART
སྒོམ་པ་	སྒོམ་པ་	VERB
ས་	གིས་	PART
སྐད་ཅིག་མ་	སྐད་ཅིག་མ་	ADJ
གཅིག་པ་	གཅིག་པ་	ADJ
འི་	གི་	PART
མངོན་པ་	མངོན་པ་	OTHER
རྫོགས་པ་	རྫོགས་པ་	VERB
ར་	ལ་	PART
བྱང་ཆུབ་པ་	བྱང་ཆུབ་པ་	NOUN
ཡིན་	ཡིན་	NO_POS
ཏེ་	སྟེ་	PART
།		PUNCT
འགྲེལ་པ་	འགྲེལ་པ་	NOUN
འི་	གི་	PART
སྦྱོར་	སྦྱོར་	VERB
ཊཱིཀ་		NON_WORD
མཐར་གྱིས་པ་	མཐར་གྱིས་པ་	NO_POS
འི་	གི་	PART
སྦྱོར་བ་	སྦྱོར་བ་	VERB
བཤད་	བཤད་	VERB
ན་	ནས་	PART
དེ་	དེ་	DET
འི་	གི་	PART
འོག་	འོག་	NOUN
ཏུ་	ལ་	PART
སྐད་ཅིག་མ་	སྐད་ཅིག་མ་	ADJ
གཅིག་པ་	གཅིག་པ་	ADJ
འི་	གི་	PART
མངོན་པ་	མངོན་པ་	OTHER
རྫོགས་པ་	རྫོགས་པ་	VERB
ར་	ལ་	PART
བྱང་ཆུབ་པ་	བྱང་ཆུབ་པ་	NOUN
འི་	གི་	PART
སྦྱོར་བ་	སྦྱོར་བ་	VERB
འཆད་པ་	འཆད་པ་	VERB
ཡིན་	ཡིན་	NO_POS
ཏེ་	སྟེ་	PART
།		PUNCT
མཐར་གྱིས་པ་	མཐར་གྱིས་པ་	NO_POS
འི་	གི་	PART
མངོན་པ་	མངོན་པ་	OTHER
རྟོགས་པ་	རྟོགས་པ་	VERB
རྣམ་པ་	རྣམ་པ་	NOUN
ར་	ལ་	PART
བསྒོམས་པ་	བསྒོམས་པ་	VERB
ནི་	ནི་	NO_POS
སྔ་	སྔ་	NOUN
བསྒོམས་པ་	བསྒོམས་པ་	VERB
དེ་དག་	དེ་དག་	OTHER
ཉིད་	ཉིད་	DET
སྐད་ཅིག་མ་	སྐད་ཅིག་མ་	ADJ
གཅིག་	གཅིག་	NUM
གིས་	གིས་	PART
སྒོམ་པ་	སྒོམ་པ་	VERB
ས་	གིས་	PART
སོ་	གོ་	PART
། །		PUNCT
སྐད་ཅིག་	སྐད་ཅིག་	OTHER
གཅིག་	གཅིག་	NUM
གིས་	གིས་	PART
སྒོམ་	སྒོམ་	VERB
མི་	མི་	PART
ནུས་	ནུས་	VERB
སྙམ་	སྙམ་	VERB
ན་	ལ་	PART
།		PUNCT
ནུས་	ནུས་	VERB
ཏེ་	སྟེ་	PART
བརྟན་པ་	བརྟན་པ་	VERB
ཐོབ་པ་	ཐོབ་པ་	VERB
འི་	གི་	PART
དོན་	དོན་	NOUN
དུ་	ལ་	PART
ཤིན་ཏུ་	ཤིན་ཏུ་	NO_POS
གོམས་པ་	གོམས་པ་	VERB
ར་	ལ་	PART
བྱས་པ་	བྱས་པ་	VERB
འི་	གི་	PART
ཕྱི་	ཕྱི་	OTHER
།		PUNCT
ངག་	ངག་	NOUN
དོན་	དོན་	NOUN
།		PUNCT
ས་བཅུ་	ས་བཅུ་	NO_POS
རྒྱུན་མཐ་	རྒྱུན་མཐའ་	NO_POS
འི་	གི་	PART
ཡེ་ཤེས་	ཡེ་ཤེས་	NOUN
ཆོས་ཅན་	ཆོས་ཅན་	NOUN
།		PUNCT
སྐད་ཅིག་མ་	སྐད་ཅིག་མ་	ADJ
འི་	གི་	PART
སྦྱོར་བ་	སྦྱོར་བ་	VERB
ཡིན་	ཡིན་	NO_POS
ཏེ་	སྟེ་	PART
།		PUNCT
མཁྱེན་	མཁྱེན་	VERB
གསུམ་	གསུམ་	NUM
སྐད་ཅིག་	སྐད་ཅིག་	OTHER
ལ་	ལ་	PART
ཉམས་	ཉམས་	NOUN
སུ་	ལ་	PART
ལེན་པ་	ལེན་པ་	VERB
འི་	གི་	PART
རྒྱུན་མཐ་	རྒྱུན་མཐའ་	NO_POS
འི་	གི་	PART
ཡེ་ཤེས་	ཡེ་ཤེས་	NOUN
ཡིན་པ་	ཡིན་པ་	AUX
འི་	གི་	PART
ཕྱི་	ཕྱི་	OTHER
།		PUNCT
གཉིས་པ་	གཉིས་པ་	NUM
		
མཚོན་བྱེད་	མཚོན་བྱེད་	OTHER
ཀྱི་	གི་	PART
ཆོ་	ཆོ་	NOUN
རྒྱས་པ་	རྒྱས་པ་	VERB
ར་	ལ་	PART
བཤད་	བཤད་	VERB
		
ལ་	ལ་	PART
བཞི་	བཞི་	NUM
།		PUNCT
རྣམ་པ་	རྣམ་པ་	NOUN
ར་	ལ་	PART
སྨིན་པ་	སྨིན་པ་	VERB
མ་ཡིན་པ་	མ་ཡིན་པ་	OTHER
འི་	གི་	PART
སྐད་ཅིག་མ་	སྐད་ཅིག་མ་	ADJ
།		PUNCT
རྣམ་པ་	རྣམ་པ་	NOUN
ར་	ལ་	PART
སྨིན་པ་	སྨིན་པ་	VERB
འི་	གི་	PART
སྐད་ཅིག་མ་	སྐད་ཅིག་མ་	ADJ
།		PUNCT
མཚན་ཉིད་	མཚན་ཉིད་	NOUN
མེད་པ་	མེད་པ་	VERB
འི་	གི་	PART
སྐད་ཅིག་མ་	སྐད་ཅིག་མ་	ADJ
།		PUNCT
གཉིས་	གཉིས་	NUM
སུ་	ལ་	PART
མེད་པ་	མེད་པ་	VERB
འི་	གི་	PART
སྐད་ཅིག་མ་	སྐད་ཅིག་མ་	ADJ
འོ་	གོ་	PART
།།		PUNCT
དང་པོ་	དང་པོ་	ADJ
		
རྣམ་པ་	རྣམ་པ་	NOUN
ར་	ལ་	PART
སྨིན་པ་	སྨིན་པ་	VERB
མ་ཡིན་པ་	མ་ཡིན་པ་	OTHER
འི་	གི་	PART
སྐད་ཅིག་མ་	སྐད་ཅིག་མ་	ADJ
		
ལ་	ལ་	PART
།		PUNCT
དངོ་	དངོ་	NOUN
དང་	དང་	NO_POS
།		PUNCT
དེ་	དེ་	DET
འི་	གི་	PART
དཔེ་བཤད་པ་	དཔེ་བཤད་པ་	NO_POS
གཉིས་	གཉིས་	NUM
ལ་	ལ་	ADP
ས་	གིས་	PART
།		PUNCT
དང་པོ་	དང་པོ་	ADJ
		
དངོ་	དངོ་	NOUN
		
ལ་	ལ་	PART
གསུམ་	གསུམ་	NUM
ལ་	ལ་	ADP
ས་	གིས་	PART
།		PUNCT
དང་པོ་	དང་པོ་	ADJ
		
མཚམས་	མཚམས་	NOUN
སྦྱར་	སྦྱར་	VERB
		
ནི་	ནི་	NO_POS
།		PUNCT
འགྲེལ་པ་	འགྲེལ་པ་	NOUN
།		PUNCT
དེ་ཡང་	དེ་ཡང་	ADV
མཚན་ཉིད་	མཚན་ཉིད་	NOUN
ཀྱིས་	གིས་	PART
རྣམ་པ་	རྣམ་པ་	NOUN
བཞི་	བཞི་	NUM
ཡོད་པ་	ཡོད་པ་	VERB
ས་	གིས་	PART
།		PUNCT
དང་པོ་	དང་པོ་	ADJ
རྣམ་པ་	རྣམ་པ་	NOUN
ར་	ལ་	PART
སྨིན་པ་	སྨིན་པ་	VERB
མ་ཡིན་པ་	མ་ཡིན་པ་	OTHER
ཟག་པ་	ཟག་པ་	VERB
མེད་པ་	མེད་པ་	VERB
འི་	གི་	PART
ཆོ་	ཆོ་	NOUN
ཐམས་ཅད་	ཐམས་ཅད་	DET
སྐད་ཅིག་མ་	སྐད་ཅིག་མ་	ADJ
གཅིག་པ་	གཅིག་པ་	ADJ
འི་	གི་	PART
མཚན་ཉིད་	མཚན་ཉིད་	NOUN
ཀྱི་	གི་	PART
སྐད་ཅིག་མ་	སྐད་ཅིག་མ་	ADJ
གཅིག་པ་	གཅིག་པ་	ADJ
འི་	གི་	PART
མངོན་པ་	མངོན་པ་	OTHER
རྫོགས་པ་	རྫོགས་པ་	VERB
ར་	ལ་	PART
བྱང་ཆུབ་པ་	བྱང་ཆུབ་པ་	NOUN
།		PUNCT
འགྲེལ་པ་	འགྲེལ་པ་	NOUN
འི་	གི་	PART
སྦྱོར་	སྦྱོར་	VERB
ཊཱིཀ་		NON_WORD
ཤེས་བྱ་	ཤེས་བྱ་	VERB
ཆོས་ཅན་	ཆོས་ཅན་	NOUN
།		PUNCT
སྐད་ཅིག་མ་	སྐད་ཅིག་མ་	ADJ
འི་	གི་	PART
སྦྱོར་བ་	སྦྱོར་བ་	VERB
དེ་ཡང་	དེ་ཡང་	ADV
མཚན་ཉིད་	མཚན་ཉིད་	NOUN
ཀྱི་	གི་	PART
སྒོ་	སྒོ་	NOUN
ན་	ནས་	PART
དབྱེ་	དབྱེ་	VERB
ན་	ལ་	PART
རྣམ་པ་	རྣམ་པ་	NOUN
བཞི་	བཞི་	NUM
ཡོད་པ་	ཡོད་པ་	VERB
ལ་	ལ་	ADP
ས་	གིས་	PART
།		PUNCT
དང་པོ་	དང་པོ་	ADJ
ར་	ལ་	PART
རྣམ་པ་	རྣམ་པ་	NOUN
ར་	ལ་	PART
སྨིན་པ་	སྨིན་པ་	VERB
མ་ཡིན་པ་	མ་ཡིན་པ་	OTHER
འི་	གི་	PART
ཟག་མེད་	ཟག་མེད་	ADJ
ཀྱི་	གི་	PART
ཆོ་	ཆོ་	NOUN
གཅིག་	གཅིག་	NUM
རྟོགས་	རྟོགས་	VERB
ན་	ལ་	PART
ཟག་པ་	ཟག་པ་	VERB
མེད་པ་	མེད་པ་	VERB
འི་	གི་	PART
ཆོ་	ཆོ་	NOUN
གཞན་	གཞན་	DET
ཐམས་ཅད་	ཐམས་ཅད་	DET
སྐད་ཅིག་མ་	སྐད་ཅིག་མ་	ADJ
གཅིག་པ་	གཅིག་པ་	ADJ
འི་	གི་	PART
མཚན་ཉིད་	མཚན་ཉིད་	NOUN
ཅན་	ཅན་	PART
དུ་	ལ་	PART
རྟོགས་པ་	རྟོགས་པ་	VERB
ཉིད་	ཉིད་	DET
ཀྱིས་	གིས་	PART
སྐད་ཅིག་མ་	སྐད་ཅིག་མ་	ADJ
གཅིག་པ་	གཅིག་པ་	ADJ
འི་	གི་	PART
མངོན་པ་	མངོན་པ་	OTHER
རྫོགས་པ་	རྫོགས་པ་	VERB
ར་	ལ་	PART
བྱང་ཆུབ་པ་	བྱང་ཆུབ་པ་	NOUN
འི་	གི་	PART
སྦྱོར་བ་	སྦྱོར་བ་	VERB
འཆད་པ་	འཆད་པ་	VERB
འི་	གི་	PART
རྒྱུ་མཚན་	རྒྱུ་མཚན་	NOUN
ཡོད་	ཡོད་	VERB
དེ་	སྟེ་	PART
།		PUNCT
ཟག་མེད་	ཟག་མེད་	ADJ
རྣམས་	རྣམས་	DET
ཀྱི་	གི་	PART
ནང་	ནང་	NOUN
ན་	ནས་	PART
རྣམ་པ་	རྣམ་པ་	NOUN
ར་	ལ་	PART
སྨིན་པ་	སྨིན་པ་	VERB
མ་ཡིན་པ་	མ་ཡིན་པ་	OTHER
འི་	གི་	PART
ཟག་མེད་	ཟག་མེད་	ADJ
དེ་	སྟེ་	PART
དང་པོ་	དང་པོ་	ADJ
ར་	ལ་	PART
འབྱུང་བ་	འབྱུང་བ་	VERB
འི་	གི་	PART
རྒྱུ་མཚན་	རྒྱུ་མཚན་	NOUN
གྱིས་	གིས་	PART
སོ་	གོ་	PART
།།		PUNCT
གཉིས་པ་	གཉིས་པ་	NUM
		
རྩ་བ་	རྩ་བ་	NOUN
		
ནི་	ནི་	NO_POS
།		PUNCT
རྩ་བ་	རྩ་བ་	NOUN
།		PUNCT
སྦྱིན་པ་	སྦྱིན་པ་	VERB
ལ་སོགས་	ལ་སོགས་	NO_POS
རེ་རེ་	རེ་རེ་	DET
ས་	གིས་	PART
ཀྱང་	ཀྱང་	PART
།།		PUNCT
ཟག་མེད་	ཟག་མེད་	ADJ
ཆོ་	ཆོ་	NOUN
ཀུན་	ཀུན་	DET
བསྡུས་པ་	བསྡུས་པ་	VERB
འི་	གི་	PART
ཕྱི་	ཕྱི་	OTHER
།།		PUNCT
ཐུབ་པ་	ཐུབ་པ་	VERB
འི་	གི་	PART
སྐད་ཅིག་	སྐད་ཅིག་	OTHER
གཅིག་པ་	གཅིག་པ་	ADJ
ཡི་	གིས་	PART
།།		PUNCT
རྟོགས་པ་	རྟོགས་པ་	VERB
འདི་	འདི་	DET
ནི་	ནི་	NO_POS
ཤེས་པ་	ཤེས་པ་	VERB
ར་	ལ་	PART
བྱ་	བྱ་	VERB
།།		PUNCT
		
རྩ་བ་	རྩ་བ་	NOUN
འི་	གི་	PART
སྦྱོར་	སྦྱོར་	VERB
ཊཱིཀ་		NON_WORD
ཐུབ་པ་	ཐུབ་པ་	VERB
བྱང་ཆུབ་	བྱང་ཆུབ་	NOUN
སེམས་དཔའ་	སེམས་དཔའ་	NOUN
ས་བཅུ་པ་	ས་བཅུ་པ་	NO_POS
འི་	གི་	PART
རྒྱུན་མཐ་	རྒྱུན་མཐའ་	NO_POS
འི་	གི་	PART
ཡེ་ཤེས་	ཡེ་ཤེས་	NOUN
འདི་	འདི་	DET
ནི་	ནི་	NO_POS
ཆོས་ཅན་	ཆོས་ཅན་	NOUN
།		PUNCT
སྐད་ཅིག་མ་	སྐད་ཅིག་མ་	ADJ
གཅིག་	གཅིག་	NUM
ལ་	ལ་	PART
རྫོགས་	རྫོགས་	VERB
བྱང་	བྱང་	NOUN
རྟོགས་པ་	རྟོགས་པ་	VERB
འི་	གི་	PART
ཡེ་ཤེས་	ཡེ་ཤེས་	NOUN
སུ་	ལ་	PART
ཤེས་པ་	ཤེས་པ་	VERB
ར་	ལ་	PART
བྱ་	བྱ་	VERB
སྟེ་	སྟེ་	PART
།		PUNCT
སྦྱིན་པ་	སྦྱིན་པ་	VERB
ལ་སོགས་པ་	ལ་སོགས་པ་	NO_POS
རེ་རེ་	རེ་རེ་	DET
ས་	གིས་	PART
ཀྱང་	ཀྱང་	PART
ཟག་པ་	ཟག་པ་	VERB
མེད་པ་	མེད་པ་	VERB
འི་	གི་	PART
ཆོ་	ཆོ་	NOUN
ཀུན་	ཀུན་	DET
བསྡུས་པ་	བསྡུས་པ་	VERB
འི་	གི་	PART
རྒྱུན་མཐ་	རྒྱུན་མཐའ་	NO_POS
འི་	གི་	PART
ཡེ་ཤེས་	ཡེ་ཤེས་	NOUN
ཡིན་པ་	ཡིན་པ་	AUX
འི་	གི་	PART
ཕྱི་	ཕྱི་	OTHER
།		PUNCT
གསུམ་པ་	གསུམ་པ་	NUM
		
འགྲེལ་པ་	འགྲེལ་པ་	NOUN
		
ནི་	ནི་	NO_POS
།		PUNCT
འགྲེལ་པ་	འགྲེལ་པ་	NOUN
།		PUNCT
ལུགས་	ལུགས་	NOUN
ལ་	ལ་	ADP
ས་	གིས་	PART
།		PUNCT
ཆོ་	ཆོ་	NOUN
ཀྱི་	གི་	PART
དབྱིངས་	དབྱིངས་	NOUN
ཀྱི་	གི་	PART
རང་	རང་	PRON
གི་	གི་	PART
ངོ་བོ་	ངོ་བོ་	NOUN
ར་	ལ་	PART
།།		PUNCT
དངོ་	དངོ་	NOUN
གཅིག་	གཅིག་	NUM
དངོས་པོ་	དངོས་པོ་	NOUN
ཀུན་	ཀུན་	DET
གྱི་	གི་	PART
ངོ་བོ་	ངོ་བོ་	NOUN
ཉིད་	ཉིད་	DET
།།		PUNCT
དངོ་	དངོ་	NOUN
ཀུན་	ཀུན་	DET
དངོས་པོ་	དངོས་པོ་	NOUN
གཅིག་	གཅིག་	NUM
གི་	གི་	PART
ངོ་བོ་	ངོ་བོ་	NOUN
ཉིད་	ཉིད་	DET
།།		PUNCT
གང་	གང་	NO_POS
གིས་	གིས་	PART
དངོ་	དངོ་	NOUN
གཅིག་	གཅིག་	NUM
དེ་བཞིན་ཉིད་	དེ་བཞིན་ཉིད་	NOUN
མཐོང་བ་	མཐོང་བ་	VERB
།།		PUNCT
དེ་	སྟེ་	PART
ཡི་	གིས་	PART
དངོ་	དངོ་	NOUN
ཀུན་	ཀུན་	DET
དེ་བཞིན་ཉིད་	དེ་བཞིན་ཉིད་	NOUN
དུ་	ལ་	PART
མཐོང་	མཐོང་	VERB
།།		PUNCT
ཞེ་	ཅེས་	PART
འབྱུང་བ་	འབྱུང་བ་	VERB
འི་	གི་	PART
ཕྱི་	ཕྱི་	OTHER
།		PUNCT
མང་པོ་	མང་པོ་	ADJ
ས་	གིས་	PART
གཅིག་	གཅིག་	NUM
བསྡུས་པ་	བསྡུས་པ་	VERB
འབའ་ཞིག་	འབའ་ཞིག་	NO_POS
ཏུ་	ལ་	PART
མ་ཟད་	མ་ཟད་	NO_POS
ཀྱི་	གི་	PART
འོན་ཀྱང་	འོན་ཀྱང་	NO_POS
སྦྱིན་པ་	སྦྱིན་པ་	VERB
ལ་སོགས་པ་	ལ་སོགས་པ་	NO_POS
འི་	གི་	PART
ཡེ་ཤེས་	ཡེ་ཤེས་	NOUN
དམིགས་པ་	དམིགས་པ་	VERB
ར་	ལ་	PART
བྱ་བ་	བྱ་བ་	VERB
འི་	གི་	PART
སྐད་ཅིག་མ་	སྐད་ཅིག་མ་	ADJ
གཅིག་པོ་	གཅིག་པོ་	NUM
དངོས་པོ་	དངོས་པོ་	NOUN
སོ་སོ་	སོ་སོ་	PRON
ར་	ལ་	PART
ངེས་པ་		
འཛིན་པ་	འཛིན་པ་	VERB
འི་	གི་	PART
ཕྱིན་	ཕྱིན་	VERB
ཅི་	ཅི་	NO_POS
ལོག་	ལོག་	VERB
དང་	དང་	NO_POS
བྲལ་བ་	བྲལ་བ་	VERB
འི་	གི་	PART
ངོ་བོ་	ངོ་བོ་	NOUN
ས་	གིས་	PART
སྦྱིན་པ་	སྦྱིན་པ་	VERB
ལ་སོགས་པ་	ལ་སོགས་པ་	NO_POS
ན་	ནས་	PART
།		PUNCT
དཔེ་བྱད་	དཔེ་བྱད་	NOUN
བཟང་པོ་	བཟང་པོ་	ADJ
བརྒྱད་ཅུ་	བརྒྱད་ཅུ་	NO_POS
འི་	གི་	PART
བ་	བ་	NOUN
གྱི་	གི་	PART
མཚན་ཉིད་	མཚན་ཉིད་	NOUN
ཀྱི་	གི་	PART
ཆོ་	ཆོ་	NOUN
རྣམས་	རྣམས་	DET
བསྡུས་པ་	བསྡུས་པ་	VERB
འི་	གི་	PART
ཕྱི་	ཕྱི་	OTHER
།		PUNCT
ཐུབ་པ་	ཐུབ་པ་	VERB
བྱང་ཆུབ་	བྱང་ཆུབ་	NOUN
སེམས་དཔ་	སེམས་དཔའ་	NOUN
འི་	གི་	PART
རྟོགས་པ་	རྟོགས་པ་	VERB
ནི་	ནི་	NO_POS
སྐད་ཅིག་མ་	སྐད་ཅིག་མ་	ADJ
གཅིག་པ་	གཅིག་པ་	ADJ
འི་	གི་	PART
མངོན་པ་	མངོན་པ་	OTHER
རྫོགས་པ་	རྫོགས་པ་	VERB
ར་	ལ་	PART
བྱང་ཆུབ་པ་	བྱང་ཆུབ་པ་	NOUN
འོ་	གོ་	PART
། །		PUNCT
ཞེ་	ཅེས་	PART
བྱ་བ་	བྱ་བ་	VERB
ར་	ལ་	PART
ཤེས་པ་	ཤེས་པ་	VERB
ར་	ལ་	PART
བྱ་	བྱ་	VERB
འོ་	གོ་	PART
།།		PUNCT
འགྲེལ་པ་	འགྲེལ་པ་	NOUN
འི་	གི་	PART
སྦྱོར་	སྦྱོར་	VERB
ཊཱིཀ་		NON_WORD
ཐུབ་པ་	ཐུབ་པ་	VERB
བྱང་ཆུབ་	བྱང་ཆུབ་	NOUN
སེམས་དཔའ་	སེམས་དཔའ་	NOUN
ས་བཅུ་	ས་བཅུ་	NO_POS
རྒྱུན་མཐའ་	རྒྱུན་མཐའ་	NO_POS
ལ་	ལ་	PART
གནས་པ་	གནས་པ་	VERB
འི་	གི་	PART
རྟོགས་པ་	རྟོགས་པ་	VERB
ནི་	ནི་	NO_POS
ཆོས་ཅན་	ཆོས་ཅན་	NOUN
།		PUNCT
དུས་	དུས་	NOUN
སྐད་ཅིག་མ་	སྐད་ཅིག་མ་	ADJ
གཅིག་	གཅིག་	NUM
ལ་	ལ་	PART
མངོན་པ་	མངོན་པ་	OTHER
རྫོགས་པ་	རྫོགས་པ་	VERB
ར་	ལ་	PART
བྱང་ཆུབ་པ་	བྱང་ཆུབ་པ་	NOUN
འི་	གི་	PART
སྦྱོར་བ་	སྦྱོར་བ་	VERB
འོ་	གོ་	PART
ཞེ་	ཅེས་	PART
བྱ་བ་	བྱ་བ་	VERB
ར་	ལ་	PART
ཤེས་པ་	ཤེས་པ་	VERB
ར་	ལ་	PART
བྱ་	བྱ་	VERB
སྟེ་	སྟེ་	PART
།		PUNCT
སྦྱིན་པ་	སྦྱིན་པ་	VERB
ལ་སོགས་པ་	ལ་སོགས་པ་	NO_POS
འི་	གི་	PART
ཡེ་ཤེས་	ཡེ་ཤེས་	NOUN
དམིགས་པ་	དམིགས་པ་	VERB
ར་	ལ་	PART
བྱ་བ་	བྱ་བ་	VERB
འི་	གི་	PART
སྐད་ཅིག་མ་	སྐད་ཅིག་མ་	ADJ
གཅིག་	གཅིག་	NUM
ཏུ་	ལ་	PART
སྦྱིན་པ་	སྦྱིན་པ་	VERB
ལ་སོགས་པ་	ལ་སོགས་པ་	NO_POS
ན་	ནས་	PART
དཔེ་བྱད་	དཔེ་བྱད་	NOUN
བཟང་པོ་	བཟང་པོ་	ADJ
བརྒྱད་ཅུ་	བརྒྱད་ཅུ་	NO_POS
འི་	གི་	PART
བ་	བ་	NOUN
གྱི་	གི་	PART
མཚན་ཉིད་	མཚན་ཉིད་	NOUN
ཅན་	ཅན་	PART
གྱི་	གི་	PART
ཆོ་	ཆོ་	NOUN
རྣམས་	རྣམས་	DET
ཀྱང་	ཀྱང་	PART
བསྡུ་	བསྡུ་	VERB
ན་	ནས་	PART
བདེན་	བདེན་	VERB
མེད་	མེད་	VERB
དུ་	ལ་	PART
སྒོམ་པ་	སྒོམ་པ་	VERB
འི་	གི་	PART
ཕྱི་	ཕྱི་	OTHER
ཏེ་	སྟེ་	PART
།		PUNCT
དངོས་པོ་	དངོས་པོ་	NOUN
རྣམས་	རྣམས་	DET
སོ་སོ་	སོ་སོ་	PRON
ར་	ལ་	PART
བདེན་པ་	བདེན་པ་	VERB
ངེས་པ་		
འཛིན་པ་	འཛིན་པ་	VERB
འི་	གི་	PART
ཕྱིན་	ཕྱིན་	VERB
ཅི་	ཅི་	NO_POS
ལོག་	ལོག་	VERB
དང་	དང་	NO_POS
བྲལ་བ་	བྲལ་བ་	VERB
འི་	གི་	PART
ངོ་བོ་	ངོ་བོ་	NOUN
ར་	ལ་	PART
གྱུར་བ་	གྱུར་བ་	VERB
འི་	གི་	PART
རྒྱུན་མཐ་	རྒྱུན་མཐའ་	NO_POS
འི་	གི་	PART
ཡེ་ཤེས་	ཡེ་ཤེས་	NOUN
ཡིན་པ་	ཡིན་པ་	AUX
འི་	གི་	PART
ཕྱི་	ཕྱི་	OTHER
།		PUNCT
ཁོ་ན་	ཁོ་ན་	DET
རེ་	རེ་	DET
།		PUNCT
མང་པོ་	མང་པོ་	ADJ
ས་	གིས་	PART
གཅིག་	གཅིག་	NUM
བསྡུས་པ་	བསྡུས་པ་	VERB
ཡོད་	ཡོད་	VERB
ཀྱི་	གི་	PART
གཅིག་	གཅིག་	NUM
གིས་	གིས་	PART
མང་པོ་	མང་པོ་	ADJ
བསྡུས་པ་	བསྡུས་པ་	VERB
མེད་	མེད་	VERB
དོ་	གོ་	PART
ཞེ་ན་	ཅེ་ན་	PART
།		PUNCT
ཤེས་བྱ་	ཤེས་བྱ་	VERB
ཆོས་ཅན་	ཆོས་ཅན་	NOUN
།		PUNCT
མང་པོ་	མང་པོ་	ADJ
ས་	གིས་	PART
གཅིག་	གཅིག་	NUM
བསྡུས་པ་	བསྡུས་པ་	VERB
འབའ་ཞིག་	འབའ་ཞིག་	NO_POS
ཏུ་	ལ་	PART
མ་ཟད་	མ་ཟད་	NO_POS
ཀྱི་	གི་	PART
འོན་ཀྱང་	འོན་ཀྱང་	NO_POS
གཅིག་	གཅིག་	NUM
གིས་	གིས་	PART
མང་པོ་	མང་པོ་	ADJ
བསྡུས་པ་	བསྡུས་པ་	VERB
ཡོད་	ཡོད་	VERB
དེ་	སྟེ་	PART
།		PUNCT
ཆོ་	ཆོ་	NOUN
ཀྱི་	གི་	PART
དབྱིངས་	དབྱིངས་	NOUN
ཀྱི་	གི་	PART
རང་	རང་	PRON
གི་	གི་	PART
ངོ་བོ་	ངོ་བོ་	NOUN
ར་	ལ་	PART
ཆོ་	ཆོ་	NOUN
ཐམས་ཅད་	ཐམས་ཅད་	DET
བསྡུས་པ་	བསྡུས་པ་	VERB
འི་	གི་	PART
ཕྱི་	ཕྱི་	OTHER
ཏེ་	སྟེ་	PART
།		PUNCT
ཨཱརྱ་	ཨཱརྱ་	NOUN
དེ་ཝ་	དེ་ཝ་	X
འི་	གི་	PART
གཞུང་ལུགས་	གཞུང་ལུགས་	NOUN
བཞི་བརྒྱ་པ་	བཞི་བརྒྱ་པ་	PROPN
ལ་	ལ་	ADP
ས་	གིས་	PART
།		PUNCT
དངོ་	དངོ་	NOUN
གཅིག་	གཅིག་	NUM
དངོས་པོ་	དངོས་པོ་	NOUN
ཀུན་	ཀུན་	DET
གྱི་	གི་	PART
ངོ་བོ་	ངོ་བོ་	NOUN
ཉིད་	ཉིད་	DET
།།		PUNCT
དངོ་	དངོ་	NOUN
ཀུན་	ཀུན་	DET
དངོས་པོ་	དངོས་པོ་	NOUN
གཅིག་	གཅིག་	NUM
གི་	གི་	PART
ངོ་བོ་	ངོ་བོ་	NOUN
ཉིད་	ཉིད་	DET
།།		PUNCT
གང་	གང་	NO_POS
གིས་	གིས་	PART
དངོ་	དངོ་	NOUN
གཅིག་	གཅིག་	NUM
དེ་བཞིན་ཉིད་	དེ་བཞིན་ཉིད་	NOUN
མཐོང་བ་	མཐོང་བ་	VERB
།།		PUNCT
དེ་	སྟེ་	PART
ཡི་	གིས་	PART
དངོ་	དངོ་	NOUN
ཀུན་	ཀུན་	DET
དེ་བཞིན་ཉིད་	དེ་བཞིན་ཉིད་	NOUN
དུ་	ལ་	PART
མཐོང་	མཐོང་	VERB
།།		PUNCT
ཞེ་	ཅེས་	PART
འབྱུང་བ་	འབྱུང་བ་	VERB
འི་	གི་	PART
ཕྱི་	ཕྱི་	OTHER
།		PUNCT
གཉིས་པ་	གཉིས་པ་	NUM
		
དེ་	དེ་	DET
འི་	གི་	PART
དཔེ་བཤད་པ་	དཔེ་བཤད་པ་	NO_POS
		
ལ་	ལ་	PART
གསུམ་	གསུམ་	NUM
ལ་	ལ་	ADP
ས་	གིས་	PART
།		PUNCT
དང་པོ་	དང་པོ་	ADJ
		
མཚམས་	མཚམས་	NOUN
སྦྱར་	སྦྱར་	VERB
		
ནི་	ནི་	NO_POS
།		PUNCT
འགྲེལ་པ་	འགྲེལ་པ་	NOUN
།		PUNCT
ཡང་	ཀྱང་	PART
ཇི་ལྟ་		
ན་	ལ་	PART
ཟག་པ་	ཟག་པ་	VERB
མེད་པ་	མེད་པ་	VERB
འི་	གི་	PART
ཡེ་ཤེས་	ཡེ་ཤེས་	NOUN
གཅིག་	གཅིག་	NUM
དམིགས་	དམིགས་	VERB
ན་	ལ་	PART
ཟག་པ་	ཟག་པ་	VERB
མེད་པ་	མེད་པ་	VERB
ཐམས་ཅད་	ཐམས་ཅད་	DET
བསྡུས་པ་	བསྡུས་པ་	VERB
ཡིན་	ཡིན་	NO_POS
ཞེ་ན་	ཅེ་ན་	PART
།		PUNCT
འཇིག་རྟེན་པ་	འཇིག་རྟེན་པ་	NOUN
འི་	གི་	PART
དཔེ་	དཔེ་	NOUN
།		PUNCT
འགྲེལ་པ་	འགྲེལ་པ་	NOUN
འི་	གི་	PART
སྦྱོར་	སྦྱོར་	VERB
ཊཱིཀ་		NON_WORD
ཇི་ལྟ་		
སྐྱེས་བུ་	སྐྱེས་བུ་	NOUN
ས་	གིས་	PART
ཤེ་	ཤེ་	VERB
སོགས་	སོགས་	DET
ཚིགས་བཅད་	ཚིགས་བཅད་	NOUN
གཅིག་	གཅིག་	NUM
གསུངས་པ་	གསུངས་པ་	VERB
ཆོས་ཅན་	ཆོས་ཅན་	NOUN
།		PUNCT
དགོས་པ་	དགོས་པ་	VERB
ཡོད་	ཡོད་	VERB
དེ་	སྟེ་	PART
།		PUNCT
ཡང་	ཀྱང་	PART
ཇི་ལྟ་		
ན་	ལ་	PART
ཟག་པ་	ཟག་པ་	VERB
མེད་པ་	མེད་པ་	VERB
འི་	གི་	PART
ཡེ་ཤེས་	ཡེ་ཤེས་	NOUN
གཅིག་	གཅིག་	NUM
བསྡུས་པ་	བསྡུས་པ་	VERB
ར་	ལ་	PART
དམིགས་	དམིགས་	VERB
ན་	ལ་	PART
ཟག་པ་	ཟག་པ་	VERB
མེད་པ་	མེད་པ་	VERB
ཐམས་ཅད་	ཐམས་ཅད་	DET
བསྡུས་པ་	བསྡུས་པ་	VERB
ཡིན་	ཡིན་	NO_POS
ཞེ་ན་	ཅེ་ན་	PART
།		PUNCT
དེ་	དེ་	DET
འི་	གི་	PART
ལན་	ལན་	NOUN
འཇིག་རྟེན་པ་	འཇིག་རྟེན་པ་	NOUN
འི་	གི་	PART
དཔེ་	དཔེ་	NOUN
འི་	གི་	PART
སྒོ་	སྒོ་	NOUN
ན་	ནས་	PART
བསྟན་པ་	བསྟན་པ་	VERB
ས་	གིས་	PART
རྟོགས་	རྟོགས་	VERB
སླ་བ་	སླ་བ་	VERB
འི་	གི་	PART
ཆེད་	ཆེད་	NOUN
ཡོད་པ་	ཡོད་པ་	VERB
ས་	གིས་	PART
སོ་	གོ་	PART
།།		PUNCT
གཉིས་པ་	གཉིས་པ་	NUM
		
རྩ་བ་	རྩ་བ་	NOUN
		
ནི་	ནི་	NO_POS
།		PUNCT
རྩ་བ་	རྩ་བ་	NOUN
།		PUNCT
ཇི་ལྟ་		
སྐྱེས་བུ་	སྐྱེས་བུ་	NOUN
ས་	གིས་	PART
ཟོ་ཆུན་	ཟོ་ཆུན་	NO_POS
རྒྱུད་	རྒྱུད་	NOUN
།།		PUNCT
རྡོག་	རྡོག་	NOUN
ཐབས་	ཐབས་	NOUN
གཅིག་	གཅིག་	NUM
གིས་	གིས་	PART
བསྐྱོད་པ་	བསྐྱོད་པ་	VERB
ན་	ལ་	PART
།།		PUNCT
ཐམས་ཅད་	ཐམས་ཅད་	DET
ཅིག་ཅར་	ཅིག་ཅར་	ADV
འགུལ་བ་	འགུལ་བ་	VERB
ལྟ་	ལྟ་	OTHER
།།		PUNCT
སྐད་ཅིག་	སྐད་ཅིག་	OTHER
གཅིག་	གཅིག་	NUM
ཤེ་	ཤེ་	VERB
དེ་བཞིན་	དེ་བཞིན་	OTHER
ནོ་	གོ་	PART
།།		PUNCT
		
རྩ་བ་	རྩ་བ་	NOUN
འི་	གི་	PART
སྦྱོར་	སྦྱོར་	VERB
ཊཱིཀ་		NON_WORD
རྒྱུན་མཐ་	རྒྱུན་མཐའ་	NO_POS
འི་	གི་	PART
ཡེ་ཤེས་	ཡེ་ཤེས་	NOUN
ཀྱིས་	གིས་	PART
དུས་	དུས་	NOUN
སྐད་ཅིག་མ་	སྐད་ཅིག་མ་	ADJ
གཅིག་	གཅིག་	NUM
ལ་	ལ་	PART
ཟག་མེད་	ཟག་མེད་	ADJ
ཀྱི་	གི་	PART
ཡེ་ཤེས་	ཡེ་ཤེས་	NOUN
ཐམས་ཅད་	ཐམས་ཅད་	DET
གཅིག་	གཅིག་	NUM
ཅ་	ཅ་	OTHER
ར་	ལ་	PART
དུ་	ལ་	PART
མངོན་སུམ་	མངོན་སུམ་	NOUN
དུ་	ལ་	PART
ཤེས་པ་	ཤེས་པ་	VERB
འི་	གི་	PART
དཔེ་	དཔེ་	NOUN
ཡོད་	ཡོད་	VERB
དེ་	སྟེ་	PART
།		PUNCT
དཔེ་	དཔེ་	NOUN
ཇི་ལྟ་		
ན་	ལ་	PART
བཟོ་	བཟོ་	NO_POS
ལེགས་པ་	ལེགས་པ་	VERB
ར་	ལ་	PART
བྱས་པ་	བྱས་པ་	VERB
འི་	གི་	PART
ཟོ་ཆུན་	ཟོ་ཆུན་	NO_POS
གྱི་	གི་	PART
རྒྱུད་	རྒྱུད་	NOUN
ལ་	ལ་	PART
སྐྱེས་བུ་	སྐྱེས་བུ་	NOUN
ས་	གིས་	PART
རྡོག་པ་	རྡོག་པ་	NOUN
འི་	གི་	PART
ཐབས་	ཐབས་	NOUN
གཅིག་	གཅིག་	NUM
གིས་	གིས་	PART
བསྐྱོད་པ་	བསྐྱོད་པ་	VERB
ན་	ལ་	PART
ཟོ་ཆུན་	ཟོ་ཆུན་	NO_POS
ཐམས་ཅད་	ཐམས་ཅད་	DET
དུས་	དུས་	NOUN
གཅིག་	གཅིག་	NUM
ལ་	ལ་	PART
ཅིག་ཅར་	ཅིག་ཅར་	ADV
དུ་	ལ་	PART
འགུལ་བ་	འགུལ་བ་	VERB
ལྟ་	ལྟ་	OTHER
དེ་བཞིན་	དེ་བཞིན་	OTHER
ནོའི་		NON_WORD
ཕྱི་	ཕྱི་	OTHER
།		PUNCT
གསུམ་པ་	གསུམ་པ་	NUM
		
འགྲེལ་པ་	འགྲེལ་པ་	NOUN
		
ནི་	ནི་	NO_POS
།		PUNCT
འགྲེལ་པ་	འགྲེལ་པ་	NOUN
།		PUNCT
དཔེར་ན་	དཔེར་ན་	NO_POS
སྐྱེས་བུ་	སྐྱེས་བུ་	NOUN
ས་	གིས་	PART
རྡོག་	རྡོག་	NOUN
ཐབས་	ཐབས་	NOUN
གཅིག་	གཅིག་	NUM
གིས་	གིས་	PART
བསྐྱོད་	བསྐྱོད་	VERB
ན་	ལ་	PART
བཟོ་བོ་	བཟོ་བོ་	NO_POS
མཁས་པ་	མཁས་པ་	VERB
ས་	གིས་	PART
སྔོན་	སྔོན་	ADV
བཟོ་	བཟོ་	NO_POS
ལེགས་པ་	ལེགས་པ་	VERB
ར་	ལ་	PART
བྱས་པ་	བྱས་པ་	VERB
འི་	གི་	PART
མཐུ་	མཐུ་	NOUN
ས་	གིས་	PART
ཟོ་ཆུན་	ཟོ་ཆུན་	NO_POS
གྱི་	གི་	PART
རྒྱུད་	རྒྱུད་	NOUN
ཐམས་ཅད་	ཐམས་ཅད་	DET
ཅིག་ཅར་	ཅིག་ཅར་	ADV
དུས་	དུས་	NOUN
གཅིག་	གཅིག་	NUM
ཏུ་	ལ་	PART
འགུལ་བ་	འགུལ་བ་	VERB
དེ་བཞིན་	དེ་བཞིན་	OTHER
དུ་	ལ་	PART
སྔོན་	སྔོན་	ADV
གྱི་	གི་	PART
སྨོན་ལམ་	སྨོན་ལམ་	NOUN
གྱི་	གི་	PART
འཕེན་པ་	འཕེན་པ་	VERB
དང་	དང་	NO_POS
།		PUNCT
ཆོ་	ཆོ་	NOUN
ཀྱི་	གི་	PART
དབྱིངས་	དབྱིངས་	NOUN
ཀྱི་	གི་	PART
མཐུ་	མཐུ་	NOUN
ས་	གིས་	PART
སྐད་ཅིག་མ་	སྐད་ཅིག་མ་	ADJ
གཅིག་	གཅིག་	NUM
ཁོ་ན་	ཁོ་ན་	DET
ལ་	ལ་	PART
།		PUNCT
ཟག་པ་	ཟག་པ་	VERB
མེད་པ་	མེད་པ་	VERB
འི་	གི་	PART
ཡེ་ཤེས་	ཡེ་ཤེས་	NOUN
གཅིག་	གཅིག་	NUM
དམིགས་	དམིགས་	VERB
ན་	ལ་	PART
།		PUNCT
རིགས་	རིགས་	NOUN
མཐུན་པ་	མཐུན་པ་	VERB
ཐམས་ཅད་	ཐམས་ཅད་	DET
མངོན་དུ་	མངོན་དུ་	NO_POS
བྱེད་པ་	བྱེད་པ་	VERB
ཡིན་	ཡིན་	NO_POS
ནོ་	གོ་	PART
།།		PUNCT
འགྲེལ་པ་	འགྲེལ་པ་	NOUN
འི་	གི་	PART
སྦྱོར་	སྦྱོར་	VERB
ཊཱིཀ་		NON_WORD
རྒྱུན་མཐ་	རྒྱུན་མཐའ་	NO_POS
འི་	གི་	PART
ཡེ་ཤེས་	ཡེ་ཤེས་	NOUN
ཆོས་ཅན་	ཆོས་ཅན་	NOUN
།		PUNCT
དུས་	དུས་	NOUN
སྐད་ཅིག་མ་	སྐད་ཅིག་མ་	ADJ
གཅིག་	གཅིག་	NUM
ཁོ་ན་	ཁོ་ན་	DET
ལ་	ལ་	PART
ཟག་པ་	ཟག་པ་	VERB
མེད་པ་	མེད་པ་	VERB
འི་	གི་	PART
ཡེ་ཤེས་	ཡེ་ཤེས་	NOUN
གཅིག་	གཅིག་	NUM
བདེན་	བདེན་	VERB
མེད་	མེད་	VERB
དུ་	ལ་	PART
དམིགས་	དམིགས་	VERB
ན་	ལ་	PART
དེ་	སྟེ་	PART
དང་	དང་	NO_POS
རིགས་	རིགས་	NOUN
མཐུན་པ་	མཐུན་པ་	VERB
འི་	གི་	PART
ཟག་མེད་	ཟག་མེད་	ADJ
ཐམས་ཅད་	ཐམས་ཅད་	DET
བདེན་	བདེན་	VERB
མེད་	མེད་	VERB
དུུ་		NON_WORD
མངོན་སུམ་	མངོན་སུམ་	NOUN
དུ་	ལ་	PART
བྱེད་པ་	བྱེད་པ་	VERB
ཡིན་	ཡིན་	NO_POS
ནོ་	གོ་	PART
སྟེ་	སྟེ་	PART
།		PUNCT
སྐད་ཅིག་མ་	སྐད་ཅིག་མ་	ADJ
གཅིག་	གཅིག་	NUM
ལ་	ལ་	PART
མངོན་པ་	མངོན་པ་	OTHER
རྫོགས་པ་	རྫོགས་པ་	VERB
ར་	ལ་	PART
བྱང་ཆུབ་པ་	བྱང་ཆུབ་པ་	NOUN
ར་	ལ་	PART
གྱུར་ཅིག་	གྱུར་ཅིག་	NO_POS
ཅེས་པ་	ཅེས་པ་	PART
འི་	གི་	PART
སྔོན་	སྔོན་	ADV
གྱི་	གི་	PART
སྨོན་ལམ་	སྨོན་ལམ་	NOUN
གྱི་	གི་	PART
འཕེན་པ་	འཕེན་པ་	VERB
དང་	དང་	NO_POS
ཆོ་	ཆོ་	NOUN
ཐམས་ཅད་	ཐམས་ཅད་	DET
ཆོ་	ཆོ་	NOUN
ཀྱི་	གི་	PART
དབྱིངས་	དབྱིངས་	NOUN
ཀྱི་	གི་	PART
ངང་	ངང་	NOUN
དུ་	ལ་	PART
རོ་	རོ་	NOUN
གཅིག་པ་	གཅིག་པ་	ADJ
ར་	ལ་	PART
དགོངས་	དགོངས་	VERB
ཏེ་	སྟེ་	PART
མཐུ་	མཐུ་	NOUN
ས་	གིས་	PART
གྲུབ་པ་	གྲུབ་པ་	VERB
འི་	གི་	PART
ཕྱི་	ཕྱི་	OTHER
།		PUNCT
དཔེར་ན་	དཔེར་ན་	NO_POS
།		PUNCT
བཟོ་བོ་	བཟོ་བོ་	NO_POS
མཁས་པ་	མཁས་པ་	VERB
ས་	གིས་	PART
སྔོན་	སྔོན་	ADV
བཟོ་	བཟོ་	NO_POS
ལེགས་པ་	ལེགས་པ་	VERB
ར་	ལ་	PART
བྱས་པ་	བྱས་པ་	VERB
འི་	གི་	PART
མཐུ་	མཐུ་	NOUN
ས་	གིས་	PART
སྐྱེས་བུ་	སྐྱེས་བུ་	NOUN
ས་	གིས་	PART
རྡོག་	རྡོག་	NOUN
ཐབས་	ཐབས་	NOUN
གཅིག་	གཅིག་	NUM
གིས་	གིས་	PART
བསྐྱོད་པ་	བསྐྱོད་པ་	VERB
ན་	ལ་	PART
ཟོ་ཆུན་	ཟོ་ཆུན་	NO_POS
གྱི་	གི་	PART
རྒྱུད་	རྒྱུད་	NOUN
ཐམས་ཅད་	ཐམས་ཅད་	DET
གཅིག་	གཅིག་	NUM
ཅ་	ཅ་	OTHER
ར་	ལ་	PART
དུ་དུ་	དུ་དུ་	NO_POS
ས་	གིས་	PART
གཅིག་	གཅིག་	NUM
ཏུ་	ལ་	PART
འགུལ་བ་	འགུལ་བ་	VERB
དེ་བཞིན་	དེ་བཞིན་	OTHER
དུའོ་		NON_WORD
།།		PUNCT
གཉིས་པ་	གཉིས་པ་	NUM
རྣམ་པ་	རྣམ་པ་	NOUN
ར་	ལ་	PART
སྨིན་པ་	སྨིན་པ་	VERB
འི་	གི་	PART
སྐད་ཅིག་མ་	སྐད་ཅིག་མ་	ADJ
ལ་	ལ་	PART
གསུམ་	གསུམ་	NUM
ལ་	ལ་	ADP
ས་	གིས་	PART
།		PUNCT
དང་པོ་	དང་པོ་	ADJ
		
མཚམས་	མཚམས་	NOUN
སྦྱར་	སྦྱར་	VERB
		
ནི་	ནི་	NO_POS
།		PUNCT
འགྲེལ་པ་	འགྲེལ་པ་	NOUN
།		PUNCT
དེ་ལྟ་	དེ་ལྟ་	NO_POS
དང་པོ་	དང་པོ་	ADJ
བསྟན་	བསྟན་	VERB
ན་	ནས་	PART
གཉིས་པ་	གཉིས་པ་	NUM
རྣམ་པ་	རྣམ་པ་	NOUN
ར་	ལ་	PART
སྨིན་པ་	སྨིན་པ་	VERB
འི་	གི་	PART
ཆོས་ཉིད་	ཆོས་ཉིད་	NOUN
ཀྱི་	གི་	PART
གནས་སྐབས་	གནས་སྐབས་	NOUN
ཀྱི་	གི་	PART
ཟག་པ་	ཟག་པ་	VERB
མེད་པ་	མེད་པ་	VERB
ར་	ལ་	PART
ཆོ་	ཆོ་	NOUN
ཐམས་ཅད་	ཐམས་ཅད་	DET
སྐད་ཅིག་མ་	སྐད་ཅིག་མ་	ADJ
གཅིག་པ་	གཅིག་པ་	ADJ
འི་	གི་	PART
མཚན་ཉིད་	མཚན་ཉིད་	NOUN
ཀྱི་	གི་	PART
སྐད་ཅིག་མ་	སྐད་ཅིག་མ་	ADJ
གཅིག་པ་	གཅིག་པ་	ADJ
འི་	གི་	PART
མངོན་པ་	མངོན་པ་	OTHER
རྫོགས་པ་	རྫོགས་པ་	VERB
ར་	ལ་	PART
བྱང་ཆུབ་པ་	བྱང་ཆུབ་པ་	NOUN
།		PUNCT
འགྲེལ་པ་	འགྲེལ་པ་	NOUN
འི་	གི་	PART
སྦྱོར་	སྦྱོར་	VERB
ཊཱིཀ་		NON_WORD
དེ་ལྟ་	དེ་ལྟ་	NO_POS
སྐད་ཅིག་མ་	སྐད་ཅིག་མ་	ADJ
འི་	གི་	PART
སྦྱོར་བ་	སྦྱོར་བ་	VERB
དང་པོ་	དང་པོ་	ADJ
བསྟན་	བསྟན་	VERB
ན་	ནས་	PART
དེ་	སྟེ་	PART
གཉིས་པ་	གཉིས་པ་	NUM
རྣམ་པ་	རྣམ་པ་	NOUN
ར་	ལ་	PART
སྨིན་པ་	སྨིན་པ་	VERB
འི་	གི་	PART
ཆོས་ཉིད་	ཆོས་ཉིད་	NOUN
ཀྱི་	གི་	PART
གནས་སྐབས་	གནས་སྐབས་	NOUN
ཀྱི་	གི་	PART
ཟག་པ་	ཟག་པ་	VERB
མེད་པ་	མེད་པ་	VERB
ར་	ལ་	PART
ཆོ་	ཆོ་	NOUN
ཐམས་ཅད་	ཐམས་ཅད་	DET
སྐད་ཅིག་མ་	སྐད་ཅིག་མ་	ADJ
གཅིག་པ་	གཅིག་པ་	ADJ
འི་	གི་	PART
མཚན་ཉིད་	མཚན་ཉིད་	NOUN
ཀྱི་	གི་	PART
སྐད་ཅིག་མ་	སྐད་ཅིག་མ་	ADJ
གཅིག་པ་	གཅིག་པ་	ADJ
འི་	གི་	PART
མངོན་པ་	མངོན་པ་	OTHER
རྫོགས་པ་	རྫོགས་པ་	VERB
ར་	ལ་	PART
བྱང་ཆུབ་པ་	བྱང་ཆུབ་པ་	NOUN
འི་	གི་	PART
སྦྱོར་བ་	སྦྱོར་བ་	VERB
འཆད་	འཆད་	VERB
དེ་	སྟེ་	PART
།		PUNCT
དེ་	སྟེ་	PART
སྐབས་	སྐབས་	NOUN
སུ་	ལ་	PART
བབ་པ་	བབ་པ་	VERB
ས་	གིས་	PART
སོ་	གོ་	PART
།།		PUNCT
གཉིས་པ་	གཉིས་པ་	NUM
		
རྩ་བ་	རྩ་བ་	NOUN
		
ནི་	ནི་	NO_POS
།		PUNCT
རྩ་བ་	རྩ་བ་	NOUN
།		PUNCT
གང་	གང་	NO_POS
ཚེ་	ཚེ་	NOUN
ཆོ་	ཆོ་	NOUN
དཀ་	དཀའ་	VERB
ར་	ལ་	PART
ཐམས་ཅད་	ཐམས་ཅད་	DET
ཀྱི་	གི་	PART
།།		PUNCT
རང་བཞིན་	རང་བཞིན་	NOUN
ཤེས་རབ་	ཤེས་རབ་	NOUN
ཕ་རོལ་	ཕ་རོལ་	NOUN
ཕྱིན་	ཕྱིན་	VERB
།།		PUNCT
རྣམ་སྨིན་	རྣམ་སྨིན་	NOUN
ཆོས་ཉིད་	ཆོས་ཉིད་	NOUN
གནས་སྐབས་	གནས་སྐབས་	NOUN
སྐྱེ་	སྐྱེ་	VERB
།།		PUNCT
དེ་	སྟེ་	PART
ཚེ་	ཚེ་	NOUN
སྐད་ཅིག་	སྐད་ཅིག་	OTHER
གཅིག་	གཅིག་	NUM
ཡེ་ཤེས་	ཡེ་ཤེས་	NOUN
།།		PUNCT
		
རྩ་བ་	རྩ་བ་	NOUN
འི་	གི་	PART
སྦྱོར་	སྦྱོར་	VERB
ཊཱིཀ་		NON_WORD
རྣམ་པ་	རྣམ་པ་	NOUN
ར་	ལ་	PART
སྨིན་པ་	སྨིན་པ་	VERB
འི་	གི་	PART
ཟག་མེད་	ཟག་མེད་	ADJ
ཀྱི་	གི་	PART
ཆོ་	ཆོ་	NOUN
དཀར་པོ་	དཀར་པོ་	ADJ
ཐམས་ཅད་	ཐམས་ཅད་	DET
ཀྱི་	གི་	PART
རང་བཞིན་	རང་བཞིན་	NOUN
རྒྱུན་མཐ་	རྒྱུན་མཐའ་	NO_POS
འི་	གི་	PART
ཡེ་ཤེས་	ཡེ་ཤེས་	NOUN
ཀྱི་	གི་	PART
ཤེས་རབ་	ཤེས་རབ་	NOUN
ཀྱི་	གི་	PART
ཕ་རོལ་	ཕ་རོལ་	NOUN
ཏུ་	ལ་	PART
ཕྱིན་པ་	ཕྱིན་པ་	VERB
ཆོས་ཅན་	ཆོས་ཅན་	NOUN
།		PUNCT
རྣམ་པ་	རྣམ་པ་	NOUN
ར་	ལ་	PART
སྨིན་པ་	སྨིན་པ་	VERB
འི་	གི་	PART
ཆོས་ཉིད་	ཆོས་ཉིད་	NOUN
ཀྱི་	གི་	PART
གནས་སྐབས་	གནས་སྐབས་	NOUN
སྐྱེ་	སྐྱེ་	VERB
ཀྱི་	གི་	PART
སྐད་ཅིག་མ་	སྐད་ཅིག་མ་	ADJ
འི་	གི་	PART
སྦྱོར་བ་	སྦྱོར་བ་	VERB
ཡིན་	ཡིན་	NO_POS
ཏེ་	སྟེ་	PART
།		PUNCT
གང་	གང་	NO_POS
གི་	གི་	PART
ཚེ་	ཚེ་	NOUN
ན་	ལ་	PART
དེ་	དེ་	DET
འི་	གི་	PART
ཚེ་	ཚེ་	NOUN
རྣམ་པ་	རྣམ་པ་	NOUN
ར་	ལ་	PART
སྨིན་པ་	སྨིན་པ་	VERB
འི་	གི་	PART
ཟག་མེད་	ཟག་མེད་	ADJ
ཀྱི་	གི་	PART
ཆོ་	ཆོ་	NOUN
ཐམས་ཅད་	ཐམས་ཅད་	DET
དུས་	དུས་	NOUN
སྐད་ཅིག་མ་	སྐད་ཅིག་མ་	ADJ
གཅིག་	གཅིག་	NUM
ལ་	ལ་	PART
མངོན་སུམ་	མངོན་སུམ་	NOUN
དུ་	ལ་	PART
རྟོགས་པ་	རྟོགས་པ་	VERB
འི་	གི་	PART
སྦྱོར་བ་	སྦྱོར་བ་	VERB
མཐར་ཐུག་	མཐར་ཐུག་	NOUN
ཡིན་པ་	ཡིན་པ་	AUX
ས་	གིས་	PART
སོ་	གོ་	PART
།།		PUNCT
གསུམ་པ་	གསུམ་པ་	NUM
		
འགྲེལ་པ་	འགྲེལ་པ་	NOUN
		
ནི་	ནི་	NO_POS
།		PUNCT
འགྲེལ་པ་	འགྲེལ་པ་	NOUN
།		PUNCT
གང་	གང་	NO_POS
གི་	གི་	PART
ཚེ་	ཚེ་	NOUN
བྱང་ཆུབ་	བྱང་ཆུབ་	NOUN
སེམས་དཔ་	སེམས་དཔའ་	NOUN
ས་	གིས་	PART
གཉེན་པོ་	གཉེན་པོ་	NOUN
བསྒོམས་པ་	བསྒོམས་པ་	VERB
ས་	གིས་	PART
མི་མཐུན་པ་	མི་མཐུན་པ་	NO_POS
འི་	གི་	PART
ཕྱོགས་	ཕྱོགས་	NOUN
ཐམས་ཅད་	ཐམས་ཅད་	DET
དང་	དང་	NO_POS
བྲལ་བ་	བྲལ་བ་	VERB
ས་	གིས་	PART
ན་	ལ་	PART
རྣམ་པ་	རྣམ་པ་	NOUN
ར་	ལ་	PART
བྱང་བ་	བྱང་བ་	VERB
འི་	གི་	PART
ཕྱོགས་	ཕྱོགས་	NOUN
རྣམ་པ་	རྣམ་པ་	NOUN
ར་	ལ་	PART
སྨིན་པ་	སྨིན་པ་	VERB
འི་	གི་	PART
ཆོས་ཉིད་	ཆོས་ཉིད་	NOUN
ཀྱི་	གི་	PART
གནས་སྐབས་	གནས་སྐབས་	NOUN
དྲི་མ་	དྲི་མ་	NOUN
ཐམས་ཅད་	ཐམས་ཅད་	DET
དང་	དང་	NO_POS
བྲལ་བ་	བྲལ་བ་	VERB
འི་	གི་	PART
སྟོན་ཀ་	སྟོན་ཀ་	NOUN
འི་	གི་	PART
ཟླ་བ་	ཟླ་བ་	NOUN
འི་	གི་	PART
འོད་	འོད་	NOUN
བཞིན་	བཞིན་	NOUN
དུ་	ལ་	PART
དཀར་བ་	དཀར་བ་	VERB
འི་	གི་	PART
ངོ་བོ་	ངོ་བོ་	NOUN
ཉིད་	ཉིད་	DET
སྐྱེས་པ་	སྐྱེས་པ་	VERB
དེ་	དེ་	DET
འི་	གི་	PART
ཚེ་	ཚེ་	NOUN
།		PUNCT
སྐད་ཅིག་མ་	སྐད་ཅིག་མ་	ADJ
གཅིག་	གཅིག་	NUM
ཁོ་ན་	ཁོ་ན་	DET
ལ་	ལ་	PART
རྣམ་པ་	རྣམ་པ་	NOUN
ར་	ལ་	PART
སྨིན་པ་	སྨིན་པ་	VERB
འི་	གི་	PART
གནས་སྐབས་	གནས་སྐབས་	NOUN
སུ་	ལ་	PART
གྱུར་པ་	གྱུར་པ་	VERB
འི་	གི་	PART
ཟག་པ་	ཟག་པ་	VERB
མེད་པ་	མེད་པ་	VERB
རྣམས་	རྣམས་	DET
རྟོགས་པ་	རྟོགས་པ་	VERB
འི་	གི་	PART
ཡེ་ཤེས་	ཡེ་ཤེས་	NOUN
ནི་	ནི་	NO_POS
།		PUNCT
ཤེས་རབ་	ཤེས་རབ་	NOUN
ཀྱི་	གི་	PART
ཕ་རོལ་	ཕ་རོལ་	NOUN
ཏུ་	ལ་	PART
ཕྱིན་པ་	ཕྱིན་པ་	VERB
འི་	གི་	PART
སྐད་ཅིག་མ་	སྐད་ཅིག་མ་	ADJ
གཅིག་པ་	གཅིག་པ་	ADJ
འི་	གི་	PART
མངོན་པ་	མངོན་པ་	OTHER
རྫོགས་པ་	རྫོགས་པ་	VERB
ར་	ལ་	PART
བྱང་ཆུབ་པ་	བྱང་ཆུབ་པ་	NOUN
ཡིན་	ཡིན་	NO_POS
ནོ་	གོ་	PART
།།		PUNCT
འགྲེལ་པ་	འགྲེལ་པ་	NOUN
འི་	གི་	PART
སྦྱོར་	སྦྱོར་	VERB
ཊཱིཀ་		NON_WORD
རྣམ་པ་	རྣམ་པ་	NOUN
ར་	ལ་	PART
བྱང་བ་	བྱང་བ་	VERB
འི་	གི་	PART
ཕྱོགས་	ཕྱོགས་	NOUN
རྣམ་པ་	རྣམ་པ་	NOUN
ར་	ལ་	PART
སྨིན་པ་	སྨིན་པ་	VERB
འི་	གི་	PART
ཆོས་ཉིད་	ཆོས་ཉིད་	NOUN
ཀྱི་	གི་	PART
གནས་སྐབས་	གནས་སྐབས་	NOUN
སུ་	ལ་	PART
ཐོབ་པ་	ཐོབ་པ་	VERB
འི་	གི་	PART
ཡོན་ཏན་	ཡོན་ཏན་	NOUN
ཁྱད་པར་ཅན་	ཁྱད་པར་ཅན་	ADJ
སྡུག་བསྔལ་	སྡུག་བསྔལ་	NOUN
གྱི་	གི་	PART
དྲི་མ་	དྲི་མ་	NOUN
ཐམས་ཅད་	ཐམས་ཅད་	DET
དང་	དང་	NO_POS
བྲལ་བ་	བྲལ་བ་	VERB
འི་	གི་	PART
སྟོན་ཀ་	སྟོན་ཀ་	NOUN
འི་	གི་	PART
ཟླ་བ་	ཟླ་བ་	NOUN
འི་	གི་	PART
འོད་	འོད་	NOUN
བཞིན་	བཞིན་	NOUN
དུ་	ལ་	PART
དཀར་བ་	དཀར་བ་	VERB
འི་	གི་	PART
ངོ་བོ་	ངོ་བོ་	NOUN
ཉིད་	ཉིད་	DET
དུ་	ལ་	PART
སྐྱེས་པ་	སྐྱེས་པ་	VERB
འི་	གི་	PART
རྒྱུན་	རྒྱུན་	NOUN
མཐའྀ་		NON_WORD
ཡེ་ཤེས་	ཡེ་ཤེས་	NOUN
ནི་	ནི་	NO_POS
ཆོས་ཅན་	ཆོས་ཅན་	NOUN
།		PUNCT
ལམ་ཤེས་	ལམ་ཤེས་	NO_POS
རབ་	རབ་	ADV
ཀྱི་	གི་	PART
ཕ་རོལ་	ཕ་རོལ་	NOUN
ཏུ་	ལ་	PART
ཕྱིན་པ་	ཕྱིན་པ་	VERB
འི་	གི་	PART
ངོ་བོ་	ངོ་བོ་	NOUN
ཉིད་	ཉིད་	DET
དུ་	ལ་	PART
སྐད་ཅིག་མ་	སྐད་ཅིག་མ་	ADJ
གཅིག་	གཅིག་	NUM
ལ་	ལ་	PART
མངོན་པ་	མངོན་པ་	OTHER
རྫོགས་པ་	རྫོགས་པ་	VERB
ར་	ལ་	PART
བྱང་ཆུབ་པ་	བྱང་ཆུབ་པ་	NOUN
འི་	གི་	PART
སྦྱོར་བ་	སྦྱོར་བ་	VERB
ཡིན་	ཡིན་	NO_POS
ནོ་	གོ་	PART
སྟེ་	སྟེ་	PART
།		PUNCT
གང་	གང་	NO_POS
གི་	གི་	PART
ཚེ་	ཚེ་	NOUN
བྱང་ཆུབ་	བྱང་ཆུབ་	NOUN
སེམས་དཔའ་	སེམས་དཔའ་	NOUN
རྒྱུན་མཐའ་པ་	རྒྱུན་མཐའ་པ་	NO_POS
ས་	གིས་	PART
གཉེན་པོ་	གཉེན་པོ་	NOUN
བསྒོམས་པ་	བསྒོམས་པ་	VERB
ས་	གིས་	PART
སྤང་བྱ་	སྤང་བྱ་	NOUN
མི་མཐུན་པ་	མི་མཐུན་པ་	NO_POS
འི་	གི་	PART
ཕྱོགས་	ཕྱོགས་	NOUN
ཐམས་ཅད་	ཐམས་ཅད་	DET
དང་	དང་	NO_POS
བྲལ་བ་	བྲལ་བ་	VERB
འི་	གི་	PART
དུས་	དུས་	NOUN
སྐད་ཅིག་མ་	སྐད་ཅིག་མ་	ADJ
གཅིག་	གཅིག་	NUM
ཁོ་ན་	ཁོ་ན་	DET
ས་	གིས་	PART
འབད་	འབད་	VERB
མེད་	མེད་	VERB
ལྷུན་གྲུབ་	ལྷུན་གྲུབ་	OTHER
ཏུ་	ལ་	PART
རྣམ་པ་	རྣམ་པ་	NOUN
ར་	ལ་	PART
སྨིན་པ་	སྨིན་པ་	VERB
འི་	གི་	PART
གནས་སྐབས་	གནས་སྐབས་	NOUN
སུ་	ལ་	PART
གྱུར་པ་	གྱུར་པ་	VERB
འི་	གི་	PART
ཟག་པ་	ཟག་པ་	VERB
མེད་པ་	མེད་པ་	VERB
འི་	གི་	PART
ཆོ་	ཆོ་	NOUN
རྣམས་	རྣམས་	DET
རྟོགས་པ་	རྟོགས་པ་	VERB
འི་	གི་	PART
སྦྱོར་བ་	སྦྱོར་བ་	VERB
མཐར་ཐུག་	མཐར་ཐུག་	NOUN
ཡིན་པ་	ཡིན་པ་	AUX
ས་	གིས་	PART
སོ་	གོ་	PART
།།		PUNCT
གསུམ་པ་	གསུམ་པ་	NUM
མཚན་ཉིད་	མཚན་ཉིད་	NOUN
མེད་པ་	མེད་པ་	VERB
འི་	གི་	PART
སྐད་ཅིག་མ་	སྐད་ཅིག་མ་	ADJ
ལ་	ལ་	PART
གསུམ་	གསུམ་	NUM
ལ་	ལ་	ADP
ས་	གིས་	PART
།		PUNCT
དང་པོ་	དང་པོ་	ADJ
		
མཚམས་	མཚམས་	NOUN
སྦྱར་	སྦྱར་	VERB
		
ནི་	ནི་	NO_POS
།		PUNCT
འགྲེལ་པ་	འགྲེལ་པ་	NOUN
།		PUNCT
དེ་ལྟ་	དེ་ལྟ་	NO_POS
གཉིས་པ་	གཉིས་པ་	NUM
བསྟན་	བསྟན་	VERB
ན་	ནས་	PART
གསུམ་པ་	གསུམ་པ་	NUM
མཚན་ཉིད་	མཚན་ཉིད་	NOUN
མེད་པ་	མེད་པ་	VERB
ར་	ལ་	PART
ཆོ་	ཆོ་	NOUN
ཐམས་ཅད་	ཐམས་ཅད་	DET
སྐད་ཅིག་མ་	སྐད་ཅིག་མ་	ADJ
གཅིག་པ་	གཅིག་པ་	ADJ
འི་	གི་	PART
མཚན་ཉིད་	མཚན་ཉིད་	NOUN
ཀྱི་	གི་	PART
སྐད་ཅིག་མ་	སྐད་ཅིག་མ་	ADJ
གཅིག་པ་	གཅིག་པ་	ADJ
འི་	གི་	PART
མངོན་པ་	མངོན་པ་	OTHER
རྫོགས་པ་	རྫོགས་པ་	VERB
ར་	ལ་	PART
བྱང་ཆུབ་པ་	བྱང་ཆུབ་པ་	NOUN
།		PUNCT
འགྲེལ་པ་	འགྲེལ་པ་	NOUN
འི་	གི་	PART
སྦྱོར་	སྦྱོར་	VERB
ཊཱིཀ་		NON_WORD
དེ་ལྟ་	དེ་ལྟ་	NO_POS
སྐད་ཅིག་མ་	སྐད་ཅིག་མ་	ADJ
འི་	གི་	PART
སྦྱོར་བ་	སྦྱོར་བ་	VERB
གཉིས་པ་	གཉིས་པ་	NUM
བསྟན་	བསྟན་	VERB
ན་	ནས་	PART
དེ་	སྟེ་	PART
གསུམ་པ་	གསུམ་པ་	NUM
མཚན་ཉིད་	མཚན་ཉིད་	NOUN
མེད་པ་	མེད་པ་	VERB
ར་	ལ་	PART
ཆོ་	ཆོ་	NOUN
ཐམས་ཅད་	ཐམས་ཅད་	DET
སྐད་ཅིག་མ་	སྐད་ཅིག་མ་	ADJ
གཅིག་པ་	གཅིག་པ་	ADJ
ར་	ལ་	PART
རྟོགས་པ་	རྟོགས་པ་	VERB
འི་	གི་	PART
མཚན་ཉིད་	མཚན་ཉིད་	NOUN
ཅན་	ཅན་	PART
གྱི་	གི་	PART
སྐད་ཅིག་མ་	སྐད་ཅིག་མ་	ADJ
གཅིག་པ་	གཅིག་པ་	ADJ
འི་	གི་	PART
མངོན་པ་	མངོན་པ་	OTHER
རྫོགས་པ་	རྫོགས་པ་	VERB
ར་	ལ་	PART
བྱང་ཆུབ་པ་	བྱང་ཆུབ་པ་	NOUN
འི་	གི་	PART
སྦྱོར་བ་	སྦྱོར་བ་	VERB
འཆད་	འཆད་	VERB
དེ་	སྟེ་	PART
།		PUNCT
དེ་	སྟེ་	PART
སྐབས་	སྐབས་	NOUN
སུ་	ལ་	PART
བབ་པ་	བབ་པ་	VERB
ས་	གིས་	PART
སོ་	གོ་	PART
།།		PUNCT
གཉིས་པ་	གཉིས་པ་	NUM
		
རྩ་བ་	རྩ་བ་	NOUN
		
ནི་	ནི་	NO_POS
།		PUNCT
རྩ་བ་	རྩ་བ་	NOUN
།		PUNCT
སྦྱིན་	སྦྱིན་	VERB
ལ་སོགས་པ་	ལ་སོགས་པ་	NO_POS
འི་	གི་	PART
སྤྱོད་པ་	སྤྱོད་པ་	VERB
ཡི་	གིས་	PART
།།		PUNCT
ཆོ་	ཆོ་	NOUN
ཀུན་	ཀུན་	DET
རྨི་ལམ་	རྨི་ལམ་	NOUN
འདྲ་	འདྲ་	VERB
ར་	ལ་	PART
གནས་	གནས་	NOUN
ན་	ནས་	PART
།།		PUNCT
ཆོ་	ཆོ་	NOUN
རྣམས་	རྣམས་	DET
མཚན་ཉིད་	མཚན་ཉིད་	NOUN
མེད་པ་	མེད་པ་	VERB
ཉིད་	ཉིད་	DET
།།		PUNCT
སྐད་ཅིག་མ་	སྐད་ཅིག་མ་	ADJ
ནི་	ནི་	NO_POS
གཅིག་	གཅིག་	NUM
གིས་	གིས་	PART
རྟོགས་	རྟོགས་	VERB
།།		PUNCT
		
རྩ་བ་	རྩ་བ་	NOUN
འི་	གི་	PART
སྦྱོར་	སྦྱོར་	VERB
ཊཱིཀ་		NON_WORD
རྒྱུན་མཐ་	རྒྱུན་མཐའ་	NO_POS
འི་	གི་	PART
ཡེ་ཤེས་	ཡེ་ཤེས་	NOUN
ཆོས་ཅན་	ཆོས་ཅན་	NOUN
།		PUNCT
མཚན་ཉིད་	མཚན་ཉིད་	NOUN
མེད་པ་	མེད་པ་	VERB
འི་	གི་	PART
སྐད་ཅིག་མ་	སྐད་ཅིག་མ་	ADJ
འི་	གི་	PART
སྦྱོར་བ་	སྦྱོར་བ་	VERB
ཡིན་	ཡིན་	NO_POS
ཏེ་	སྟེ་	PART
།		PUNCT
སྦྱིན་པ་	སྦྱིན་པ་	VERB
ལ་སོགས་པ་	ལ་སོགས་པ་	NO_POS
འི་	གི་	PART
ཕར་ཕྱིན་	ཕར་ཕྱིན་	NOUN
དྲུག་	དྲུག་	NUM
ལ་	ལ་	PART
སྤྱོད་	སྤྱོད་	VERB
ཅིང་	ཅིང་	PART
སྒྲུབ་པ་	སྒྲུབ་པ་	VERB
འི་	གི་	PART
སྒོ་	སྒོ་	NOUN
ན་	ནས་	PART
ཆོ་	ཆོ་	NOUN
ཀུན་	ཀུན་	DET
རྨི་ལམ་	རྨི་ལམ་	NOUN
འདྲ་བ་	འདྲ་བ་	VERB
ར་	ལ་	PART
རྟོགས་པ་	རྟོགས་པ་	VERB
ལ་	ལ་	PART
གནས་	གནས་	NOUN
ཏེ་	སྟེ་	PART
ཆོ་	ཆོ་	NOUN
རྣམས་	རྣམས་	DET
ཐམས་ཅད་	ཐམས་ཅད་	DET
མཚན་ཉིད་	མཚན་ཉིད་	NOUN
མེད་པ་	མེད་པ་	VERB
ཉིད་	ཉིད་	DET
དུ་	ལ་	PART
སྐད་ཅིག་མ་	སྐད་ཅིག་མ་	ADJ
ནི་	ནི་	NO_POS
གཅིག་	གཅིག་	NUM
གིས་	གིས་	PART
རྟོགས་པ་	རྟོགས་པ་	VERB
འི་	གི་	PART
སེམས་དཔ་	སེམས་དཔའ་	NOUN
འི་	གི་	PART
རྣལ་འབྱོར་	རྣལ་འབྱོར་	NOUN
མཐར་ཐུག་	མཐར་ཐུག་	NOUN
ཡིན་པ་	ཡིན་པ་	AUX
ས་	གིས་	PART
སོ་	གོ་	PART
།།		PUNCT
གསུམ་པ་	གསུམ་པ་	NUM
		
འགྲེལ་པ་	འགྲེལ་པ་	NOUN
		
ནི་	ནི་	NO_POS
།		PUNCT
འགྲེལ་པ་	འགྲེལ་པ་	NOUN
།		PUNCT
སྔོན་	སྔོན་	ADV
ཆོ་	ཆོ་	NOUN
ཐམས་ཅད་	ཐམས་ཅད་	DET
རྨི་ལམ་	རྨི་ལམ་	NOUN
ལྟ་བུ་	ལྟ་བུ་	NOUN
ར་	ལ་	PART
གོམས་པ་	གོམས་པ་	VERB
ས་	གིས་	PART
ཚོགས་	ཚོགས་	NOUN
གཉིས་	གཉིས་	NUM
ཉམས་	ཉམས་	NOUN
སུ་	ལ་	PART
མྱོང་བ་	མྱོང་བ་	VERB
ར་	ལ་	PART
བྱ་	བྱ་	VERB
ན་	ནས་	PART
རྟོགས་པ་	རྟོགས་པ་	VERB
འི་	གི་	PART
གནས་སྐབས་	གནས་སྐབས་	NOUN
ན་	ལ་	PART
ཉེ་བ་		
ལེན་པ་	ལེན་པ་	VERB
འི་	གི་	PART
ཕུང་པོ་	ཕུང་པོ་	NOUN
ལ་སོགས་པ་	ལ་སོགས་པ་	NO_POS
རྨི་ལམ་	རྨི་ལམ་	NOUN
ཀྱིས་	གིས་	PART
ངོ་བོ་	ངོ་བོ་	NOUN
ཉིད་	ཉིད་	DET
ཀྱིས་	གིས་	PART
ཆོ་	ཆོ་	NOUN
ཐམས་ཅད་	ཐམས་ཅད་	DET
ལ་	ལ་	PART
།		PUNCT
སྦྱིན་པ་	སྦྱིན་པ་	VERB
ལ་སོགས་པ་	ལ་སོགས་པ་	NO_POS
འི་	གི་	PART
ཕ་རོལ་	ཕ་རོལ་	NOUN
ཏུ་	ལ་	PART
ཕྱིན་པ་	ཕྱིན་པ་	VERB
དྲུག་	དྲུག་	NUM
སྒྲུབ་པ་	སྒྲུབ་པ་	VERB
ས་	གིས་	PART
གནས་	གནས་	NOUN
ཏེ་	སྟེ་	PART
།		PUNCT
སྦྱིན་པ་	སྦྱིན་པ་	VERB
ལ་སོགས་པ་	ལ་སོགས་པ་	NO_POS
འི་	གི་	PART
ངོ་བོ་	ངོ་བོ་	NOUN
ཉིད་	ཉིད་	DET
ངེས་པ་		
རྟོགས་པ་	རྟོགས་པ་	VERB
འི་	གི་	PART
རྣམ་པ་	རྣམ་པ་	NOUN
ཅན་	ཅན་	PART
སྐད་ཅིག་མ་	སྐད་ཅིག་མ་	ADJ
གཅིག་	གཅིག་	NUM
ཁོ་ན་	ཁོ་ན་	DET
ས་	གིས་	PART
།		PUNCT
ཆོ་	ཆོ་	NOUN
ཐམས་ཅད་	ཐམས་ཅད་	DET
ནི་	ནི་	NO_POS
མཚན་ཉིད་	མཚན་ཉིད་	NOUN
མེད་པ་	མེད་པ་	VERB
འོ་	གོ་	PART
།།		PUNCT
ཞེ་	ཅེས་	PART
ཀུན་	ཀུན་	DET
ན་	ནས་	PART
ཉོན་མོངས་པ་	ཉོན་མོངས་པ་	NOUN
དང་	དང་	NO_POS
རྣམ་པ་	རྣམ་པ་	NOUN
ར་	ལ་	PART
བྱང་བ་	བྱང་བ་	VERB
འི་	གི་	PART
ངོ་བོ་	ངོ་བོ་	NOUN
འི་	གི་	PART
ཆོ་	ཆོ་	NOUN
རྣམས་	རྣམས་	DET
མཚན་ཉིད་	མཚན་ཉིད་	NOUN
མེད་པ་	མེད་པ་	VERB
ཉིད་	ཉིད་	DET
དུ་	ལ་	PART
ཤེས་པ་	ཤེས་པ་	VERB
ས་	གིས་	PART
ན་	ལ་	PART
།		PUNCT
སྐད་ཅིག་མ་	སྐད་ཅིག་མ་	ADJ
གཅིག་པ་	གཅིག་པ་	ADJ
འི་	གི་	PART
མངོན་པ་	མངོན་པ་	OTHER
རྫོགས་པ་	རྫོགས་པ་	VERB
ར་	ལ་	PART
བྱང་ཆུབ་པ་	བྱང་ཆུབ་པ་	NOUN
ཡིན་	ཡིན་	NO_POS
ནོ་	གོ་	PART
།།		PUNCT
འགྲེལ་པ་	འགྲེལ་པ་	NOUN
འི་	གི་	PART
སྦྱོར་	སྦྱོར་	VERB
ཊཱིཀ་		NON_WORD
རྒྱུན་མཐ་	རྒྱུན་མཐའ་	NO_POS
འི་	གི་	PART
ཡེ་ཤེས་	ཡེ་ཤེས་	NOUN
ཆོས་ཅན་	ཆོས་ཅན་	NOUN
།		PUNCT
མཚན་ཉིད་	མཚན་ཉིད་	NOUN
མེད་པ་	མེད་པ་	VERB
འི་	གི་	PART
སྐད་ཅིག་མ་	སྐད་ཅིག་མ་	ADJ
གཅིག་པ་	གཅིག་པ་	ADJ
འི་	གི་	PART
མངོན་པ་	མངོན་པ་	OTHER
རྫོགས་པ་	རྫོགས་པ་	VERB
ར་	ལ་	PART
བྱང་ཆུབ་པ་	བྱང་ཆུབ་པ་	NOUN
འི་	གི་	PART
སྦྱིན་པ་	སྦྱིན་པ་	VERB
ཡིན་	ཡིན་	NO_POS
ནོ་	གོ་	PART
སྟེ་	སྟེ་	PART
།		PUNCT
སྔོན་	སྔོན་	ADV
ཆོ་	ཆོ་	NOUN
ཐམས་ཅད་	ཐམས་ཅད་	DET
རྨི་ལམ་	རྨི་ལམ་	NOUN
ལྟ་བུ་	ལྟ་བུ་	NOUN
ར་	ལ་	PART
སྒོམ་པ་	སྒོམ་པ་	VERB
ལ་	ལ་	PART
གོམས་པ་	གོམས་པ་	VERB
ཐོབ་པ་	ཐོབ་པ་	VERB
ས་	གིས་	PART
ཚོགས་	ཚོགས་	NOUN
གཉིས་	གཉིས་	NUM
ཉམས་	ཉམས་	NOUN
སུ་	ལ་	PART
མྱོང་བ་	མྱོང་བ་	VERB
ར་	ལ་	PART
བྱ་	བྱ་	VERB
ན་	ནས་	PART
གནས་ལུགས་	གནས་ལུགས་	VERB
རྟོགས་པ་	རྟོགས་པ་	VERB
འི་	གི་	PART
གནས་སྐབས་	གནས་སྐབས་	NOUN
ན་	ལ་	PART
ཉེ་བ་		
ལེན་པ་	ལེན་པ་	VERB
འི་	གི་	PART
ཕུང་པོ་	ཕུང་པོ་	NOUN
ལྔ་	ལྔ་	NUM
ལ་སོགས་པ་	ལ་སོགས་པ་	NO_POS
རྨི་ལམ་	རྨི་ལམ་	NOUN
གྱི་	གི་	PART
ངོ་བོ་	ངོ་བོ་	NOUN
ཉིད་	ཉིད་	DET
དུ་	ལ་	PART
རྟོགས་པ་	རྟོགས་པ་	VERB
ཉིད་	ཉིད་	DET
ཀྱིས་	གིས་	PART
ཆོ་	ཆོ་	NOUN
ཐམས་ཅད་	ཐམས་ཅད་	DET
ལ་མ་	ལ་མ་	NO_POS
ཞེན་པ་	ཞེན་པ་	VERB
ར་	ལ་	PART
སྦྱིན་པ་	སྦྱིན་པ་	VERB
ལ་སོགས་པ་	ལ་སོགས་པ་	NO_POS
འི་	གི་	PART
ཕ་རོལ་	ཕ་རོལ་	NOUN
ཏུ་	ལ་	PART
ཕྱིན་པ་	ཕྱིན་པ་	VERB
དྲུག་	དྲུག་	NUM
སྒྲུབ་པ་	སྒྲུབ་པ་	VERB
ལ་	ལ་	PART
གནས་	གནས་	NOUN
ཏེ་	སྟེ་	PART
སྦྱིན་པ་	སྦྱིན་པ་	VERB
ལ་སོགས་པ་	ལ་སོགས་པ་	NO_POS
འི་	གི་	PART
ཕར་ཕྱིན་	ཕར་ཕྱིན་	NOUN
དྲུག་	དྲུག་	NUM
གི་	གི་	PART
ངོ་བོ་	ངོ་བོ་	NOUN
ཉིད་	ཉིད་	DET
ངེས་པ་		
རྟོགས་པ་	རྟོགས་པ་	VERB
འི་	གི་	PART
རྣམ་པ་	རྣམ་པ་	NOUN
ཅན་	ཅན་	PART
སྐད་ཅིག་མ་	སྐད་ཅིག་མ་	ADJ
གཅིག་	གཅིག་	NUM
ཁོ་ན་	ཁོ་ན་	DET
ས་	གིས་	PART
ཆོ་	ཆོ་	NOUN
ཐམས་ཅད་	ཐམས་ཅད་	DET
ནི་	ནི་	NO_POS
བདེན་པ་	བདེན་པ་	VERB
འི་	གི་	PART
མཚན་ཉིད་	མཚན་ཉིད་	NOUN
མེད་པ་	མེད་པ་	VERB
འོ་	གོ་	PART
ཞེ་	ཅེས་	PART
ཀུན་	ཀུན་	DET
ན་	ནས་	PART
ཉོན་མོངས་པ་	ཉོན་མོངས་པ་	NOUN
དང་	དང་	NO_POS
རྣམ་པ་	རྣམ་པ་	NOUN
ར་	ལ་	PART
བྱང་བ་	བྱང་བ་	VERB
འི་	གི་	PART
ངོ་བོ་	ངོ་བོ་	NOUN
འི་	གི་	PART
ཆོ་	ཆོ་	NOUN
རྣམས་	རྣམས་	DET
མཚན་ཉིད་	མཚན་ཉིད་	NOUN
མེད་པ་	མེད་པ་	VERB
ཉིད་	ཉིད་	DET
དུ་	ལ་	PART
ཤེས་པ་	ཤེས་པ་	VERB
འི་	གི་	PART
བྱང་སེམས་	བྱང་སེམས་	NOUN
ཀྱི་	གི་	PART
རྣལ་འབྱོར་	རྣལ་འབྱོར་	NOUN
མཐར་ཐུག་	མཐར་ཐུག་	NOUN
ཡིན་པ་	ཡིན་པ་	AUX
ས་	གིས་	PART
ན་	ན་	ADP
འོ་	གོ་	PART
།།		PUNCT
བཞི་པ་	བཞི་པ་	ADJ
གཉིས་	གཉིས་	NUM
སུ་	ལ་	PART
མེད་པ་	མེད་པ་	VERB
འི་	གི་	PART
སྐད་ཅིག་མ་	སྐད་ཅིག་མ་	ADJ
ལ་	ལ་	PART
གསུམ་	གསུམ་	NUM
ལ་	ལ་	ADP
ས་	གིས་	PART
།		PUNCT
དང་པོ་	དང་པོ་	ADJ
		
མཚམས་	མཚམས་	NOUN
སྦྱར་	སྦྱར་	VERB
		
ནི་	ནི་	NO_POS
།		PUNCT
འགྲེལ་པ་	འགྲེལ་པ་	NOUN
།		PUNCT
དེ་ལྟ་	དེ་ལྟ་	NO_POS
གསུམ་པ་	གསུམ་པ་	NUM
བསྟན་	བསྟན་	VERB
ན་	ནས་	PART
བཞི་པ་	བཞི་པ་	ADJ
གཉིས་	གཉིས་	NUM
སུ་	ལ་	PART
མེད་པ་	མེད་པ་	VERB
འི་	གི་	PART
མཚན་ཉིད་	མཚན་ཉིད་	NOUN
དུ་	ལ་	PART
ཆོ་	ཆོ་	NOUN
ཐམས་ཅད་	ཐམས་ཅད་	DET
སྐད་ཅིག་མ་	སྐད་ཅིག་མ་	ADJ
གཅིག་པ་	གཅིག་པ་	ADJ
འི་	གི་	PART
མཚན་ཉིད་	མཚན་ཉིད་	NOUN
ཀྱི་	གི་	PART
མངོན་པ་	མངོན་པ་	OTHER
རྫོཌ་		NON_WORD
པར་བྱང་	པར་བྱང་	NO_POS
ཆུབ་པ་	ཆུབ་པ་	VERB
།		PUNCT
འགྲེལ་པ་	འགྲེལ་པ་	NOUN
འི་	གི་	PART
སྦྱོར་	སྦྱོར་	VERB
ཊཱིཀ་		NON_WORD
དེ་ལྟ་	དེ་ལྟ་	NO_POS
སྐད་ཅིག་མ་	སྐད་ཅིག་མ་	ADJ
འི་	གི་	PART
སྦྱོར་བ་	སྦྱོར་བ་	VERB
གསུམ་པ་	གསུམ་པ་	NUM
བསྟན་	བསྟན་	VERB
ན་	ནས་	PART
དེ་	སྟེ་	PART
བཞི་པ་	བཞི་པ་	ADJ
གཉིས་	གཉིས་	NUM
སུ་	ལ་	PART
མེད་པ་	མེད་པ་	VERB
འི་	གི་	PART
མཚན་ཉིད་	མཚན་ཉིད་	NOUN
དུུ་		NON_WORD
ཆོ་	ཆོ་	NOUN
ཐམས་ཅད་	ཐམས་ཅད་	DET
སྐད་ཅིག་མ་	སྐད་ཅིག་མ་	ADJ
གཅིག་པ་	གཅིག་པ་	ADJ
འི་	གི་	PART
མཚན་ཉིད་	མཚན་ཉིད་	NOUN
ཅན་	ཅན་	PART
གྱི་	གི་	PART
མངོན་པ་	མངོན་པ་	OTHER
རྫོགས་པ་	རྫོགས་པ་	VERB
ར་	ལ་	PART
བྱང་ཆུབ་པ་	བྱང་ཆུབ་པ་	NOUN
འི་	གི་	PART
སྦྱོར་བ་	སྦྱོར་བ་	VERB
འཆད་	འཆད་	VERB
དེ་	སྟེ་	PART
།		PUNCT
དེ་	སྟེ་	PART
སྐབས་	སྐབས་	NOUN
སུ་	ལ་	PART
བབ་པ་	བབ་པ་	VERB
ས་	གིས་	PART
སོ་	གོ་	PART
།།		PUNCT
གཉིས་པ་	གཉིས་པ་	NUM
		
རྩ་བ་	རྩ་བ་	NOUN
		
ནི་	ནི་	NO_POS
།		PUNCT
རྩ་བ་	རྩ་བ་	NOUN
།		PUNCT
རྨི་ལམ་	རྨི་ལམ་	NOUN
དང་	དང་	NO_POS
ནི་	ནི་	NO_POS
དེ་	སྟེ་	PART
མཐོང་	མཐོང་	VERB
ཉིད་	ཉིད་	DET
།།		PUNCT
གཉིས་	གཉིས་	NUM
ཀྱི་	གི་	PART
ཚུལ་	ཚུལ་	NOUN
དུ་	ལ་	PART
མི་	མི་	PART
མཐོང་	མཐོང་	VERB
ལྟ་	ལྟ་	OTHER
།།		PUNCT
ཆོ་	ཆོ་	NOUN
རྣམས་	རྣམས་	DET
གཉིས་	གཉིས་	NUM
སུ་	ལ་	PART
མེད་པ་	མེད་པ་	VERB
ཡི་	གི་	PART
།།		PUNCT
དེ་ཉིད་	དེ་ཉིད་	NOUN
སྐད་ཅིག་	སྐད་ཅིག་	OTHER
གཅིག་	གཅིག་	NUM
གིས་	གིས་	PART
མཐོང་	མཐོང་	VERB
།།		PUNCT
		
རྩ་བ་	རྩ་བ་	NOUN
འི་	གི་	PART
སྦྱོར་	སྦྱོར་	VERB
ཊཱིཀ་		NON_WORD
རྒྱུན་མཐ་	རྒྱུན་མཐའ་	NO_POS
འི་	གི་	PART
ཡེ་ཤེས་	ཡེ་ཤེས་	NOUN
ཆོས་ཅན་	ཆོས་ཅན་	NOUN
།		PUNCT
གཉིས་	གཉིས་	NUM
སུ་	ལ་	PART
མེད་པ་	མེད་པ་	VERB
འི་	གི་	PART
སྐད་ཅིག་མ་	སྐད་ཅིག་མ་	ADJ
འི་	གི་	PART
སྦྱོར་བ་	སྦྱོར་བ་	VERB
ཡིན་	ཡིན་	NO_POS
ཏེ་	སྟེ་	PART
།		PUNCT
དཔེར་ན་	དཔེར་ན་	NO_POS
རྨི་ལམ་	རྨི་ལམ་	NOUN
ལ་	ལ་	PART
གཟུང་བ་	གཟུང་བ་	VERB
དང་	དང་	NO_POS
ནི་	ནི་	NO_POS
རྨི་ལམ་	རྨི་ལམ་	NOUN
དེ་	སྟེ་	PART
མཐོང་བ་	མཐོང་བ་	VERB
ཉིད་	ཉིད་	DET
ལ་	ལ་	PART
འཛིན་པ་	འཛིན་པ་	VERB
ར་	ལ་	PART
མཐོང་བ་	མཐོང་བ་	VERB
སྟེ་	སྟེ་	PART
གཟུང་འཛིན་	གཟུང་འཛིན་	NOUN
ཐ་དད་པ་	ཐ་དད་པ་	ADJ
གཉིས་	གཉིས་	NUM
ཀྱི་	གི་	PART
ཚུལ་	ཚུལ་	NOUN
དུ་	ལ་	PART
མི་	མི་	PART
མཐོང་བ་	མཐོང་བ་	VERB
ལྟ་	ལྟ་	OTHER
དུ་	ལ་	PART
ཆོ་	ཆོ་	NOUN
རྣམས་	རྣམས་	DET
ཐམས་ཅད་	ཐམས་ཅད་	DET
གཟུང་བ་	གཟུང་བ་	VERB
དང་	དང་	NO_POS
འཛིན་པ་	འཛིན་པ་	VERB
གཉིས་	གཉིས་	NUM
སུ་	ལ་	PART
མེད་པ་	མེད་པ་	VERB
འི་	གི་	PART
དེ་	སྟེ་	PART
ཁོ་ན་ཉིད་	ཁོ་ན་ཉིད་	NO_POS
སྐད་ཅིག་མ་	སྐད་ཅིག་མ་	ADJ
གཅིག་	གཅིག་	NUM
གིས་	གིས་	PART
མངོན་སུམ་	མངོན་སུམ་	NOUN
དུ་	ལ་	PART
མཐོང་བ་	མཐོང་བ་	VERB
འི་	གི་	PART
བྱང་སེམས་	བྱང་སེམས་	NOUN
ཀྱི་	གི་	PART
རྣལ་འབྱོར་	རྣལ་འབྱོར་	NOUN
མཐར་ཐུག་	མཐར་ཐུག་	NOUN
ཡིན་པ་	ཡིན་པ་	AUX
ས་	གིས་	PART
སོ་	གོ་	PART
།།		PUNCT
གསུམ་པ་	གསུམ་པ་	NUM
		
འགྲེལ་པ་	འགྲེལ་པ་	NOUN
		
ནི་	ནི་	NO_POS
།		PUNCT
འགྲེལ་པ་	འགྲེལ་པ་	NOUN
།		PUNCT
ཡུན་རིང་	ཡུན་རིང་	NOUN
མོ་	གོ་	PART
ཞིག་	ཅིག་	PART
ན་	ནས་	PART
བར་ཆད་	བར་ཆད་	NOUN
མེད་པ་	མེད་པ་	VERB
ར་	ལ་	PART
གཉིས་	གཉིས་	NUM
སུ་	ལ་	PART
སྣང་བ་	སྣང་བ་	VERB
སྤོང་བ་	སྤོང་བ་	VERB
ལ་	ལ་	PART
གོམས་པ་	གོམས་པ་	VERB
ངང་	ངང་	NOUN
དུ་	ལ་	PART
གྱུར་པ་	གྱུར་པ་	VERB
ས་	གིས་	PART
གཉིས་	གཉིས་	NUM
སུ་	ལ་	PART
སྣང་བ་	སྣང་བ་	VERB
འི་	གི་	PART
བག་ཆགས་	བག་ཆགས་	NOUN
དྲུངས་ཕྱུང་བ་	དྲུངས་ཕྱུང་བ་	NO_POS
འི་	གི་	PART
བྱང་ཆུབ་	བྱང་ཆུབ་	NOUN
སེམས་དཔའ་	སེམས་དཔའ་	NOUN
གང་	གང་	NO_POS
གི་	གི་	PART
ཚེ་	ཚེ་	NOUN
གཟུང་བ་	གཟུང་བ་	VERB
དང་	དང་	NO_POS
འཛིན་པ་	འཛིན་པ་	VERB
འི་	གི་	PART
ཚུལ་	ཚུལ་	NOUN
དུ་	ལ་	PART
རྨི་ལམ་	རྨི་ལམ་	NOUN
ལ་	ལ་	PART
གཟུང་བ་	གཟུང་བ་	VERB
དང་	དང་	NO_POS
།		PUNCT
རྨི་ལམ་	རྨི་ལམ་	NOUN
མཐོང་བ་	མཐོང་བ་	VERB
ལ་	ལ་	PART
འཛིན་པ་	འཛིན་པ་	VERB
ར་	ལ་	PART
མི་	མི་	PART
མཐོང་བ་	མཐོང་བ་	VERB
དེ་	དེ་	DET
འི་	གི་	PART
ཚེ་	ཚེ་	NOUN
ཆོ་	ཆོ་	NOUN
ཐམས་ཅད་	ཐམས་ཅད་	DET
ཀྱང་	ཀྱང་	PART
དེ་ལྟ་	དེ་ལྟ་	NO_POS
བུ་	བུ་	NOUN
འི་	གི་	PART
ཆོས་ཉིད་	ཆོས་ཉིད་	NOUN
ཡིན་	ཡིན་	NO_POS
ནོ་	གོ་	PART
། །		PUNCT
ཞེ་	ཅེས་	PART
ཆོ་	ཆོ་	NOUN
རྣམས་	རྣམས་	DET
ཀྱི་	གི་	PART
དེ་	སྟེ་	PART
ཁོ་ན་ཉིད་	ཁོ་ན་ཉིད་	NO_POS
གཉིས་	གཉིས་	NUM
སུ་	ལ་	PART
མེད་པ་	མེད་པ་	VERB
སྐད་ཅིག་མ་	སྐད་ཅིག་མ་	ADJ
གཅིག་	གཅིག་	NUM
ཁོ་ན་	ཁོ་ན་	DET
ས་	གིས་	PART
རྟོགས་པ་	རྟོགས་པ་	VERB
ས་	གིས་	PART
ན་	ལ་	PART
སྐད་ཅིག་མ་	སྐད་ཅིག་མ་	ADJ
གཅིག་པ་	གཅིག་པ་	ADJ
འི་	གི་	PART
མངོན་པ་	མངོན་པ་	OTHER
རྫོགས་པ་	རྫོགས་པ་	VERB
ར་	ལ་	PART
བྱང་ཆུབ་པ་	བྱང་ཆུབ་པ་	NOUN
ཡིན་	ཡིན་	NO_POS
ནོ་	གོ་	PART
།།		PUNCT
འགྲེལ་པ་	འགྲེལ་པ་	NOUN
འི་	གི་	PART
སྦྱོར་	སྦྱོར་	VERB
ཊཱིཀ་		NON_WORD
དུས་ཡུན་	དུས་ཡུན་	NO_POS
རིང་མོ་	རིང་མོ་	ADJ
ཞིག་	ཅིག་	PART
ན་	ནས་	PART
བར་ཆད་	བར་ཆད་	NOUN
མེད་པ་	མེད་པ་	VERB
ར་	ལ་	PART
གཟུང་འཛིན་	གཟུང་འཛིན་	NOUN
གཉིས་	གཉིས་	NUM
སུ་	ལ་	PART
སྣང་བ་	སྣང་བ་	VERB
སྤོང་བ་	སྤོང་བ་	VERB
འི་	གི་	PART
ཏིང་ངེ་འཛིན་	ཏིང་ངེ་འཛིན་	NOUN
སྒོམ་པ་	སྒོམ་པ་	VERB
ལ་	ལ་	PART
གོམས་པ་	གོམས་པ་	VERB
ངང་	ངང་	NOUN
དུ་	ལ་	PART
གྱུར་བ་	གྱུར་བ་	VERB
འི་	གི་	PART
སྒོ་	སྒོ་	NOUN
ན་	ནས་	PART
གཟུང་འཛིན་	གཟུང་འཛིན་	NOUN
གཉིས་	གཉིས་	NUM
སུ་	ལ་	PART
སྣང་བ་	སྣང་བ་	VERB
འི་	གི་	PART
བག་ཆགས་	བག་ཆགས་	NOUN
དྲུངས་	དྲུངས་	NO_POS
ན་	ནས་	PART
ཕྱུང་བ་	ཕྱུང་བ་	VERB
འི་	གི་	PART
བྱང་ཆུབ་	བྱང་ཆུབ་	NOUN
སེམས་དཔའ་	སེམས་དཔའ་	NOUN
རྒྱུན་མཐའ་པ་	རྒྱུན་མཐའ་པ་	NO_POS
འི་	གི་	PART
ཡེ་ཤེས་	ཡེ་ཤེས་	NOUN
ཆོས་ཅན་	ཆོས་ཅན་	NOUN
།		PUNCT
གཉིས་	གཉིས་	NUM
སུ་	ལ་	PART
མེད་པ་	མེད་པ་	VERB
ར་	ལ་	PART
སྐད་ཅིག་མ་	སྐད་ཅིག་མ་	ADJ
གཅིག་པ་	གཅིག་པ་	ADJ
འི་	གི་	PART
མངོན་པ་	མངོན་པ་	OTHER
རྫོགས་པ་	རྫོགས་པ་	VERB
ར་	ལ་	PART
བྱང་ཆུབ་པ་	བྱང་ཆུབ་པ་	NOUN
འི་	གི་	PART
སྦྱོར་བ་	སྦྱོར་བ་	VERB
ཡིན་	ཡིན་	NO_POS
ནོ་	གོ་	PART
སྟེ་	སྟེ་	PART
།		PUNCT
གང་	གང་	NO_POS
གི་	གི་	PART
ཚེ་	ཚེ་	NOUN
རྨི་ལམ་	རྨི་ལམ་	NOUN
གྱི་	གི་	PART
གཟུགས་	གཟུགས་	NOUN
ལ་	ལ་	PART
གཟུང་བ་	གཟུང་བ་	VERB
དང་	དང་	NO_POS
རྨི་ལམ་	རྨི་ལམ་	NOUN
གྱི་	གི་	PART
གཟུགས་	གཟུགས་	NOUN
མཐོང་བ་	མཐོང་བ་	VERB
འི་	གི་	PART
ཤེས་པ་	ཤེས་པ་	VERB
ལ་	ལ་	PART
འཛིན་པ་	འཛིན་པ་	VERB
ར་	ལ་	PART
མི་	མི་	PART
མཐོང་བ་	མཐོང་བ་	VERB
དེ་བཞིན་	དེ་བཞིན་	OTHER
དུ་	ལ་	PART
ཆོ་	ཆོ་	NOUN
ཐམས་ཅད་	ཐམས་ཅད་	DET
ཀྱང་	ཀྱང་	PART
རྨི་ལམ་	རྨི་ལམ་	NOUN
གྱི་	གི་	PART
གཟུང་འཛིན་	གཟུང་འཛིན་	NOUN
ཐ་དད་	ཐ་དད་	ADJ
མེད་པ་	མེད་པ་	VERB
དེ་ལྟ་	དེ་ལྟ་	NO_POS
བུ་	བུ་	NOUN
འི་	གི་	PART
ཆོས་ཉིད་	ཆོས་ཉིད་	NOUN
ཅན་	ཅན་	PART
ཡིན་	ཡིན་	NO_POS
ནོ་	གོ་	PART
ཞེ་	ཅེས་	PART
ཆོ་	ཆོ་	NOUN
ཐམས་ཅད་	ཐམས་ཅད་	DET
གཟུང་བ་	གཟུང་བ་	VERB
དང་	དང་	NO_POS
འཛིན་པ་	འཛིན་པ་	VERB
ཐ་དད་པ་	ཐ་དད་པ་	ADJ
འི་	གི་	PART
ཚུལ་	ཚུལ་	NOUN
དུ་	ལ་	PART
མི་	མི་	PART
དམིགས་པ་	དམིགས་པ་	VERB
དེ་	དེ་	DET
འི་	གི་	PART
ཚེ་	ཚེ་	NOUN
ཕྱི་	ཕྱི་	NOUN
ནང་	ནང་	NOUN
གི་	གི་	PART
ཆོ་	ཆོ་	NOUN
རྣམས་	རྣམས་	DET
ཀྱི་	གི་	PART
དེ་	སྟེ་	PART
ཁོ་ན་ཉིད་	ཁོ་ན་ཉིད་	NO_POS
གཟུང་འཛིན་	གཟུང་འཛིན་	NOUN
གཉིས་	གཉིས་	NUM
སུ་	ལ་	PART
མེད་པ་	མེད་པ་	VERB
འི་	གི་	PART
ཚུལ་	ཚུལ་	NOUN
དུ་	ལ་	PART
སྐད་ཅིག་མ་	སྐད་ཅིག་མ་	ADJ
གཅིག་	གཅིག་	NUM
ཁོ་ན་	ཁོ་ན་	DET
ས་	གིས་	PART
རྟོགས་པ་	རྟོགས་པ་	VERB
འི་	གི་	PART
སེམས་དཔ་	སེམས་དཔའ་	NOUN
འི་	གི་	PART
རྣལ་འབྱོར་	རྣལ་འབྱོར་	NOUN
མཐར་ཐུག་	མཐར་ཐུག་	NOUN
ཡིན་པ་	ཡིན་པ་	AUX
ས་	གིས་	PART
སོ་	གོ་	PART
།།		PUNCT
གསུམ་པ་	གསུམ་པ་	NUM
སྐབས་	སྐབས་	NOUN
ཀྱི་	གི་	PART
གྲངས་	གྲངས་	NOUN
བརྗོད་པ་	བརྗོད་པ་	VERB
ས་	གིས་	PART
མཇུག་	མཇུག་	NOUN
བསྡུ་བ་	བསྡུ་བ་	VERB
ནི་	ནི་	NO_POS
།		PUNCT
འགྲེལ་པ་	འགྲེལ་པ་	NOUN
།		PUNCT
ཤེས་རབ་	ཤེས་རབ་	NOUN
ཀྱི་	གི་	PART
ཕ་རོལ་	ཕ་རོལ་	NOUN
ཏུ་	ལ་	PART
ཕྱིན་པ་	ཕྱིན་པ་	VERB
འི་	གི་	PART
མན་ངག་	མན་ངག་	NOUN
གི་	གི་	PART
བསྟན་བཅོས་	བསྟན་བཅོས་	NOUN
མངོན་པ་	མངོན་པ་	OTHER
རྟོགས་པ་	རྟོགས་པ་	VERB
འི་	གི་	PART
རྒྱན་	རྒྱན་	NOUN
ཅེས་བྱ་བ་	ཅེས་བྱ་བ་	NO_POS
ལ་	ལ་	ADP
ས་	གིས་	PART
།		PUNCT
སྐབས་	སྐབས་	NOUN
བདུན་པ་	བདུན་པ་	NUM
འི་	གི་	PART
འགྲེལ་པ་	འགྲེལ་པ་	NOUN
འོ་	གོ་	PART
།། །།		PUNCT
འགྲེལ་པ་	འགྲེལ་པ་	NOUN
འི་	གི་	PART
སྦྱོར་	སྦྱོར་	VERB
ཊཱིཀ་		NON_WORD
ཤེས་རབ་	ཤེས་རབ་	NOUN
ཀྱི་	གི་	PART
ཕ་རོལ་	ཕ་རོལ་	NOUN
ཏུ་	ལ་	PART
ཕྱིན་པ་	ཕྱིན་པ་	VERB
འི་	གི་	PART
མན་ངག་	མན་ངག་	NOUN
གི་	གི་	PART
བསྟན་བཅོས་	བསྟན་བཅོས་	NOUN
མངོན་པ་	མངོན་པ་	OTHER
རྟོགས་པ་	རྟོགས་པ་	VERB
འི་	གི་	PART
རྒྱན་	རྒྱན་	NOUN
ཞེ་	ཅེས་	PART
བྱ་བ་	བྱ་བ་	VERB
རྩ་འགྲེལ་	རྩ་འགྲེལ་	NOUN
གྱི་	གི་	PART
སྦྱོར་བ་	སྦྱོར་བ་	VERB
འི་	གི་	PART
ཊཱི་		NON_WORD
ཀ་ལ་	ཀ་ལ་	NO_POS
ས་	གིས་	PART
།		PUNCT
སྐབས་	སྐབས་	NOUN
བདུན་པ་	བདུན་པ་	NUM
འི་	གི་	PART
རྒྱན་	རྒྱན་	NOUN
གཞུང་འགྲེལ་པ་	གཞུང་འགྲེལ་པ་	NOUN
དང་	དང་	NO_POS
བཅས་པ་	བཅས་པ་	VERB
འི་	གི་	PART
ཚིག་དོན་	ཚིག་དོན་	NOUN
གྱི་	གི་	PART
སྦྱོར་ངག་	སྦྱོར་ངག་	NO_POS
བསྟན་	བསྟན་	VERB
ཟིན་པ་	ཟིན་པ་	VERB
འོ་	གོ་	PART
།། །།		PUNCT
སྐབས་	སྐབས་	NOUN
བདུན་པ་	བདུན་པ་	NUM
།		PUNCT
སྐད་ཅིག་མ་	སྐད་ཅིག་མ་	ADJ
འི་	གི་	PART
སྦྱོར་	སྦྱོར་	VERB
ཊཱིཀམངོན་		NON_WORD
རྟོགས་	རྟོགས་	VERB
རྒྱན་	རྒྱན་	NOUN
གྱི་	གི་	PART
སྦྱོར་	སྦྱོར་	VERB
ཊཱིཀ་		NON_WORD
འཇིག་རྟེན་	འཇིག་རྟེན་	NOUN
གསུམ་	གསུམ་	NUM
སྒྲོན་	སྒྲོན་	NOUN
ལ་	ལ་	PART
འཇུག་པ་	འཇུག་པ་	VERB
།		PUNCT
